id,date,total_amount,shipping_status
2000000001,2026-06-11,148.72,delivered
2000000002,2026-06-11,148.72,delivered
2000000003,2026-06-11,148.72,delivered
2000000004,2026-06-11,148.72,delivered
2000000005,2026-06-11,148.72,delivered
2000000006,2026-06-11,148.72,delivered
2000000007,2026-06-11,148.72,delivered
2000000008,2026-06-11,148.72,delivered
2000000009,2026-06-11,148.72,delivered
2000000010,2026-06-11,148.72,delivered
2000000011,2026-06-11,148.72,delivered
2000000012,2026-06-11,148.72,delivered
2000000013,2026-06-11,148.72,delivered
2000000014,2026-06-11,141.33,delivered
2000000015,2026-06-11,141.33,delivered
2000000016,2026-06-12,146.26,delivered
2000000017,2026-06-12,146.26,delivered
2000000018,2026-06-12,146.26,delivered
2000000019,2026-06-12,146.26,delivered
2000000020,2026-06-12,146.26,delivered
2000000021,2026-06-12,146.26,delivered
2000000022,2026-06-12,146.26,delivered
2000000023,2026-06-12,146.26,delivered
2000000024,2026-06-12,146.26,delivered
2000000025,2026-06-12,146.26,delivered
2000000026,2026-06-12,140.6,delivered
2000000027,2026-06-12,140.6,delivered
2000000028,2026-06-12,140.6,delivered
2000000029,2026-06-13,154.98,delivered
2000000030,2026-06-13,154.98,delivered
2000000031,2026-06-13,154.98,delivered
2000000032,2026-06-13,154.98,delivered
2000000033,2026-06-13,154.98,delivered
2000000034,2026-06-13,154.98,delivered
2000000035,2026-06-13,154.98,delivered
2000000036,2026-06-13,154.98,delivered
2000000037,2026-06-13,154.98,delivered
2000000038,2026-06-13,154.98,delivered
2000000039,2026-06-13,159.24,delivered
2000000040,2026-06-13,159.24,delivered
2000000041,2026-06-14,138.55,delivered
2000000042,2026-06-14,138.55,delivered
2000000043,2026-06-14,138.55,delivered
2000000044,2026-06-14,138.55,delivered
2000000045,2026-06-14,138.55,delivered
2000000046,2026-06-14,138.55,delivered
2000000047,2026-06-14,138.55,delivered
2000000048,2026-06-14,138.55,delivered
2000000049,2026-06-14,138.55,delivered
2000000050,2026-06-14,138.55,delivered
2000000051,2026-06-14,138.55,delivered
2000000052,2026-06-14,138.55,delivered
2000000053,2026-06-14,138.55,delivered
2000000054,2026-06-14,138.55,delivered
2000000055,2026-06-14,138.55,delivered
2000000056,2026-06-14,138.55,delivered
2000000057,2026-06-14,158.41,delivered
2000000058,2026-06-14,158.41,delivered
2000000059,2026-06-15,130.07,delivered
2000000060,2026-06-15,130.07,delivered
2000000061,2026-06-15,130.07,delivered
2000000062,2026-06-15,130.07,delivered
2000000063,2026-06-15,130.07,delivered
2000000064,2026-06-15,130.07,delivered
2000000065,2026-06-15,130.07,delivered
2000000066,2026-06-15,130.07,delivered
2000000067,2026-06-15,130.07,delivered
2000000068,2026-06-15,130.07,delivered
2000000069,2026-06-15,130.07,delivered
2000000070,2026-06-15,130.07,delivered
2000000071,2026-06-15,130.07,delivered
2000000072,2026-06-15,130.07,delivered
2000000073,2026-06-15,130.07,delivered
2000000074,2026-06-15,151.78,delivered
2000000075,2026-06-15,151.78,delivered
2000000076,2026-06-15,151.78,delivered
2000000077,2026-06-16,146.2,delivered
2000000078,2026-06-16,146.2,delivered
2000000079,2026-06-16,146.2,delivered
2000000080,2026-06-16,146.2,delivered
2000000081,2026-06-16,146.2,delivered
2000000082,2026-06-16,146.2,delivered
2000000083,2026-06-16,146.2,delivered
2000000084,2026-06-16,146.2,delivered
2000000085,2026-06-16,146.2,delivered
2000000086,2026-06-16,146.2,delivered
2000000087,2026-06-16,146.2,delivered
2000000088,2026-06-16,146.2,delivered
2000000089,2026-06-16,146.2,delivered
2000000090,2026-06-16,146.2,delivered
2000000091,2026-06-16,146.2,delivered
2000000092,2026-06-16,146.2,delivered
2000000093,2026-06-16,146.2,delayed
2000000094,2026-06-16,146.2,delivered
2000000095,2026-06-16,152.24,delivered
2000000096,2026-06-16,152.24,delivered
2000000097,2026-06-17,151.74,not_delivered
2000000098,2026-06-17,151.74,delivered
2000000099,2026-06-17,151.74,delivered
2000000100,2026-06-17,151.74,delivered
2000000101,2026-06-17,151.74,delivered
2000000102,2026-06-17,151.74,delivered
2000000103,2026-06-17,151.74,delivered
2000000104,2026-06-17,151.74,delivered
2000000105,2026-06-17,151.74,delivered
2000000106,2026-06-17,151.74,delivered
2000000107,2026-06-17,151.74,delivered
2000000108,2026-06-17,151.74,delivered
2000000109,2026-06-17,151.74,delivered
2000000110,2026-06-17,151.74,delivered
2000000111,2026-06-17,151.74,delivered
2000000112,2026-06-17,151.74,delivered
2000000113,2026-06-17,151.74,not_delivered
2000000114,2026-06-17,148.75,delivered
2000000115,2026-06-17,148.75,delivered
2000000116,2026-06-17,148.75,delivered
2000000117,2026-06-18,146.41,delivered
2000000118,2026-06-18,146.41,delivered
2000000119,2026-06-18,146.41,delivered
2000000120,2026-06-18,146.41,delivered
2000000121,2026-06-18,146.41,delivered
2000000122,2026-06-18,146.41,delivered
2000000123,2026-06-18,146.41,delivered
2000000124,2026-06-18,146.41,delivered
2000000125,2026-06-18,146.41,delivered
2000000126,2026-06-18,146.41,delivered
2000000127,2026-06-18,148.09,delivered
2000000128,2026-06-18,148.09,delivered
2000000129,2026-06-19,139.14,delivered
2000000130,2026-06-19,139.14,delivered
2000000131,2026-06-19,139.14,delivered
2000000132,2026-06-19,139.14,delivered
2000000133,2026-06-19,139.14,delivered
2000000134,2026-06-19,139.14,delivered
2000000135,2026-06-19,139.14,delivered
2000000136,2026-06-19,139.14,delivered
2000000137,2026-06-19,139.14,delivered
2000000138,2026-06-19,139.14,delivered
2000000139,2026-06-19,139.14,delivered
2000000140,2026-06-19,139.14,delivered
2000000141,2026-06-19,139.14,delivered
2000000142,2026-06-19,139.14,delivered
2000000143,2026-06-19,139.14,delivered
2000000144,2026-06-19,139.14,delivered
2000000145,2026-06-19,139.14,delivered
2000000146,2026-06-19,141.87,delivered
2000000147,2026-06-19,141.87,not_delivered
2000000148,2026-06-20,129.6,delayed
2000000149,2026-06-20,129.6,delivered
2000000150,2026-06-20,129.6,delivered
2000000151,2026-06-20,129.6,delivered
2000000152,2026-06-20,129.6,delivered
2000000153,2026-06-20,129.6,delayed
2000000154,2026-06-20,129.6,delivered
2000000155,2026-06-20,129.6,delivered
2000000156,2026-06-20,129.6,delivered
2000000157,2026-06-20,129.6,delivered
2000000158,2026-06-20,167.26,delivered
2000000159,2026-06-20,167.26,delivered
2000000160,2026-06-21,135.38,delivered
2000000161,2026-06-21,135.38,delivered
2000000162,2026-06-21,135.38,delivered
2000000163,2026-06-21,135.38,delivered
2000000164,2026-06-21,135.38,delivered
2000000165,2026-06-21,135.38,delivered
2000000166,2026-06-21,135.38,delivered
2000000167,2026-06-21,135.38,delivered
2000000168,2026-06-21,135.38,delivered
2000000169,2026-06-21,135.38,delivered
2000000170,2026-06-21,135.38,not_delivered
2000000171,2026-06-21,170.16,delivered
2000000172,2026-06-21,170.16,delivered
2000000173,2026-06-22,153.72,delivered
2000000174,2026-06-22,153.72,delivered
2000000175,2026-06-22,153.72,delivered
2000000176,2026-06-22,153.72,delivered
2000000177,2026-06-22,153.72,delivered
2000000178,2026-06-22,153.72,delayed
2000000179,2026-06-22,153.72,delivered
2000000180,2026-06-22,153.72,delivered
2000000181,2026-06-22,153.72,not_delivered
2000000182,2026-06-22,153.72,delivered
2000000183,2026-06-22,153.72,delivered
2000000184,2026-06-22,153.72,delivered
2000000185,2026-06-22,153.72,delivered
2000000186,2026-06-22,153.72,delivered
2000000187,2026-06-22,145.17,delivered
2000000188,2026-06-22,145.17,delivered
2000000189,2026-06-22,145.17,delivered
2000000190,2026-06-23,127.82,delivered
2000000191,2026-06-23,127.82,delivered
2000000192,2026-06-23,127.82,delivered
2000000193,2026-06-23,127.82,delivered
2000000194,2026-06-23,127.82,delivered
2000000195,2026-06-23,127.82,delivered
2000000196,2026-06-23,127.82,delivered
2000000197,2026-06-23,127.82,delivered
2000000198,2026-06-23,127.82,delivered
2000000199,2026-06-23,127.82,delivered
2000000200,2026-06-23,127.82,delivered
2000000201,2026-06-23,127.82,delivered
2000000202,2026-06-23,127.82,delivered
2000000203,2026-06-23,127.82,delivered
2000000204,2026-06-23,127.82,delivered
2000000205,2026-06-23,127.82,delivered
2000000206,2026-06-23,127.82,delivered
2000000207,2026-06-23,166.35,delivered
2000000208,2026-06-23,166.35,delivered
2000000209,2026-06-23,166.35,delivered
2000000210,2026-06-24,130.23,delivered
2000000211,2026-06-24,130.23,delivered
2000000212,2026-06-24,130.23,delivered
2000000213,2026-06-24,130.23,delivered
2000000214,2026-06-24,130.23,delivered
2000000215,2026-06-24,130.23,delivered
2000000216,2026-06-24,130.23,delivered
2000000217,2026-06-24,130.23,delivered
2000000218,2026-06-24,130.23,delivered
2000000219,2026-06-24,130.23,delayed
2000000220,2026-06-24,130.23,delivered
2000000221,2026-06-24,130.23,delivered
2000000222,2026-06-24,130.23,delivered
2000000223,2026-06-24,130.23,delayed
2000000224,2026-06-24,130.23,delivered
2000000225,2026-06-24,130.23,delivered
2000000226,2026-06-24,130.23,delivered
2000000227,2026-06-24,130.23,delivered
2000000228,2026-06-24,130.23,delayed
2000000229,2026-06-24,144.41,delivered
2000000230,2026-06-24,144.41,delivered
2000000231,2026-06-24,144.41,delivered
2000000232,2026-06-25,139.82,delivered
2000000233,2026-06-25,139.82,delivered
2000000234,2026-06-25,139.82,delivered
2000000235,2026-06-25,139.82,delivered
2000000236,2026-06-25,139.82,delivered
2000000237,2026-06-25,139.82,delivered
2000000238,2026-06-25,139.82,delivered
2000000239,2026-06-25,139.82,delivered
2000000240,2026-06-25,139.82,delivered
2000000241,2026-06-25,139.82,delivered
2000000242,2026-06-25,139.82,delivered
2000000243,2026-06-25,139.82,delivered
2000000244,2026-06-25,139.82,delivered
2000000245,2026-06-25,139.82,delivered
2000000246,2026-06-25,139.82,delivered
2000000247,2026-06-25,139.82,delivered
2000000248,2026-06-25,139.82,delivered
2000000249,2026-06-25,150.13,delivered
2000000250,2026-06-25,150.13,delivered
2000000251,2026-06-26,131.24,delivered
2000000252,2026-06-26,131.24,delivered
2000000253,2026-06-26,131.24,delivered
2000000254,2026-06-26,131.24,not_delivered
2000000255,2026-06-26,131.24,delivered
2000000256,2026-06-26,131.24,delayed
2000000257,2026-06-26,131.24,delivered
2000000258,2026-06-26,131.24,delivered
2000000259,2026-06-26,131.24,delivered
2000000260,2026-06-26,131.24,delivered
2000000261,2026-06-26,131.24,delivered
2000000262,2026-06-26,131.24,delivered
2000000263,2026-06-26,131.24,delivered
2000000264,2026-06-26,131.24,delivered
2000000265,2026-06-26,131.24,delivered
2000000266,2026-06-26,131.24,delivered
2000000267,2026-06-26,147.27,delivered
2000000268,2026-06-26,147.27,delivered
2000000269,2026-06-27,152.21,delivered
2000000270,2026-06-27,152.21,delivered
2000000271,2026-06-27,152.21,delayed
2000000272,2026-06-27,152.21,delivered
2000000273,2026-06-27,152.21,delivered
2000000274,2026-06-27,152.21,delivered
2000000275,2026-06-27,152.21,delivered
2000000276,2026-06-27,152.21,delivered
2000000277,2026-06-27,152.21,delivered
2000000278,2026-06-27,152.21,delivered
2000000279,2026-06-27,152.21,delivered
2000000280,2026-06-27,152.21,delivered
2000000281,2026-06-27,152.21,delivered
2000000282,2026-06-27,144.53,delivered
2000000283,2026-06-27,144.53,delivered
2000000284,2026-06-28,150.73,delivered
2000000285,2026-06-28,150.73,delivered
2000000286,2026-06-28,150.73,delivered
2000000287,2026-06-28,150.73,delivered
2000000288,2026-06-28,150.73,delivered
2000000289,2026-06-28,150.73,delivered
2000000290,2026-06-28,150.73,delivered
2000000291,2026-06-28,150.73,delivered
2000000292,2026-06-28,150.73,delivered
2000000293,2026-06-28,150.73,delayed
2000000294,2026-06-28,150.73,delivered
2000000295,2026-06-28,150.73,delayed
2000000296,2026-06-28,150.73,not_delivered
2000000297,2026-06-28,150.73,delivered
2000000298,2026-06-28,150.73,delivered
2000000299,2026-06-28,150.73,delivered
2000000300,2026-06-28,154.97,delivered
2000000301,2026-06-28,154.97,delivered
2000000302,2026-06-29,139.23,not_delivered
2000000303,2026-06-29,139.23,delivered
2000000304,2026-06-29,139.23,delivered
2000000305,2026-06-29,139.23,delivered
2000000306,2026-06-29,139.23,delivered
2000000307,2026-06-29,139.23,delivered
2000000308,2026-06-29,139.23,delivered
2000000309,2026-06-29,139.23,delivered
2000000310,2026-06-29,139.23,delivered
2000000311,2026-06-29,139.23,delivered
2000000312,2026-06-29,139.23,delivered
2000000313,2026-06-29,139.23,delivered
2000000314,2026-06-29,154.4,not_delivered
2000000315,2026-06-29,154.4,delivered
2000000316,2026-06-30,140.38,delivered
2000000317,2026-06-30,140.38,delivered
2000000318,2026-06-30,140.38,delivered
2000000319,2026-06-30,140.38,delivered
2000000320,2026-06-30,140.38,delivered
2000000321,2026-06-30,140.38,delivered
2000000322,2026-06-30,140.38,delivered
2000000323,2026-06-30,140.38,delivered
2000000324,2026-06-30,140.38,delivered
2000000325,2026-06-30,140.38,delivered
2000000326,2026-06-30,140.38,delivered
2000000327,2026-06-30,140.38,delivered
2000000328,2026-06-30,140.38,delivered
2000000329,2026-06-30,140.38,delivered
2000000330,2026-06-30,140.38,delayed
2000000331,2026-06-30,140.38,delivered
2000000332,2026-06-30,140.38,delivered
2000000333,2026-06-30,140.38,delivered
2000000334,2026-06-30,140.38,delivered
2000000335,2026-06-30,166.48,delivered
2000000336,2026-06-30,166.48,delivered
2000000337,2026-06-30,166.48,delivered
2000000338,2026-06-30,166.48,delivered
2000000339,2026-07-01,141.59,delivered
2000000340,2026-07-01,141.59,delivered
2000000341,2026-07-01,141.59,delivered
2000000342,2026-07-01,141.59,delivered
2000000343,2026-07-01,141.59,delivered
2000000344,2026-07-01,141.59,delivered
2000000345,2026-07-01,141.59,delivered
2000000346,2026-07-01,141.59,delivered
2000000347,2026-07-01,141.59,delivered
2000000348,2026-07-01,141.59,delivered
2000000349,2026-07-01,141.59,delivered
2000000350,2026-07-01,141.59,delivered
2000000351,2026-07-01,141.59,delivered
2000000352,2026-07-01,171.14,delivered
2000000353,2026-07-01,171.14,delivered
2000000354,2026-07-02,154.99,delivered
2000000355,2026-07-02,154.99,delivered
2000000356,2026-07-02,154.99,delivered
2000000357,2026-07-02,154.99,delivered
2000000358,2026-07-02,154.99,delivered
2000000359,2026-07-02,154.99,delivered
2000000360,2026-07-02,154.99,delivered
2000000361,2026-07-02,154.99,delivered
2000000362,2026-07-02,154.99,delivered
2000000363,2026-07-02,154.99,delivered
2000000364,2026-07-02,154.99,delivered
2000000365,2026-07-02,154.99,delayed
2000000366,2026-07-02,149.66,delivered
2000000367,2026-07-02,149.66,delivered
2000000368,2026-07-03,129.42,delivered
2000000369,2026-07-03,129.42,delivered
2000000370,2026-07-03,129.42,delivered
2000000371,2026-07-03,129.42,delayed
2000000372,2026-07-03,129.42,delivered
2000000373,2026-07-03,129.42,delivered
2000000374,2026-07-03,129.42,delivered
2000000375,2026-07-03,129.42,delivered
2000000376,2026-07-03,129.42,delivered
2000000377,2026-07-03,129.42,delivered
2000000378,2026-07-03,129.42,delivered
2000000379,2026-07-03,129.42,delivered
2000000380,2026-07-03,129.42,delayed
2000000381,2026-07-03,129.42,delivered
2000000382,2026-07-03,129.42,delivered
2000000383,2026-07-03,129.42,delivered
2000000384,2026-07-03,129.42,delivered
2000000385,2026-07-03,170.38,delivered
2000000386,2026-07-03,170.38,delivered
2000000387,2026-07-04,134.48,delivered
2000000388,2026-07-04,134.48,delivered
2000000389,2026-07-04,134.48,delivered
2000000390,2026-07-04,134.48,not_delivered
2000000391,2026-07-04,134.48,delivered
2000000392,2026-07-04,134.48,delivered
2000000393,2026-07-04,134.48,delivered
2000000394,2026-07-04,134.48,delivered
2000000395,2026-07-04,134.48,delivered
2000000396,2026-07-04,134.48,delivered
2000000397,2026-07-04,134.48,delivered
2000000398,2026-07-04,134.48,delivered
2000000399,2026-07-04,159.72,delivered
2000000400,2026-07-04,159.72,delivered
2000000401,2026-07-05,133.6,not_delivered
2000000402,2026-07-05,133.6,delivered
2000000403,2026-07-05,133.6,delivered
2000000404,2026-07-05,133.6,delivered
2000000405,2026-07-05,133.6,delivered
2000000406,2026-07-05,133.6,delivered
2000000407,2026-07-05,133.6,delivered
2000000408,2026-07-05,133.6,delivered
2000000409,2026-07-05,133.6,delivered
2000000410,2026-07-05,133.6,delivered
2000000411,2026-07-05,133.6,delivered
2000000412,2026-07-05,133.6,delivered
2000000413,2026-07-05,133.6,delivered
2000000414,2026-07-05,133.6,delivered
2000000415,2026-07-05,133.6,delivered
2000000416,2026-07-05,149.76,delivered
2000000417,2026-07-05,149.76,delivered
2000000418,2026-07-05,149.76,delivered
2000000419,2026-07-06,156.16,delivered
2000000420,2026-07-06,156.16,not_delivered
2000000421,2026-07-06,156.16,delivered
2000000422,2026-07-06,156.16,delivered
2000000423,2026-07-06,156.16,delivered
2000000424,2026-07-06,156.16,delivered
2000000425,2026-07-06,156.16,delivered
2000000426,2026-07-06,156.16,delivered
2000000427,2026-07-06,156.16,delivered
2000000428,2026-07-06,156.16,delivered
2000000429,2026-07-06,156.16,delivered
2000000430,2026-07-06,156.16,delivered
2000000431,2026-07-06,156.16,delivered
2000000432,2026-07-06,169.52,delivered
2000000433,2026-07-06,169.52,delivered
2000000434,2026-07-06,169.52,delivered
2000000435,2026-07-07,151.48,delayed
2000000436,2026-07-07,151.48,delivered
2000000437,2026-07-07,151.48,delivered
2000000438,2026-07-07,151.48,delivered
2000000439,2026-07-07,151.48,delivered
2000000440,2026-07-07,151.48,delivered
2000000441,2026-07-07,151.48,delivered
2000000442,2026-07-07,151.48,delivered
2000000443,2026-07-07,151.48,delivered
2000000444,2026-07-07,151.48,delivered
2000000445,2026-07-07,151.48,delivered
2000000446,2026-07-07,151.48,delivered
2000000447,2026-07-07,151.48,delivered
2000000448,2026-07-07,140.64,delivered
2000000449,2026-07-07,140.64,delivered
2000000450,2026-07-07,140.64,delivered
2000000451,2026-07-08,131.61,delivered
2000000452,2026-07-08,131.61,delivered
2000000453,2026-07-08,131.61,delivered
2000000454,2026-07-08,131.61,delivered
2000000455,2026-07-08,131.61,delivered
2000000456,2026-07-08,131.61,delivered
2000000457,2026-07-08,131.61,delivered
2000000458,2026-07-08,131.61,delivered
2000000459,2026-07-08,131.61,not_delivered
2000000460,2026-07-08,131.61,delivered
2000000461,2026-07-08,131.61,delayed
2000000462,2026-07-08,131.61,delivered
2000000463,2026-07-08,131.61,delivered
2000000464,2026-07-08,131.61,delivered
2000000465,2026-07-08,131.61,delivered
2000000466,2026-07-08,131.61,delivered
2000000467,2026-07-08,131.61,delivered
2000000468,2026-07-08,131.61,delivered
2000000469,2026-07-08,131.61,delivered
2000000470,2026-07-08,131.61,delivered
2000000471,2026-07-08,159.27,delivered
2000000472,2026-07-08,159.27,delivered
2000000473,2026-07-09,141.67,delivered
2000000474,2026-07-09,141.67,delivered
2000000475,2026-07-09,141.67,delivered
2000000476,2026-07-09,141.67,delivered
2000000477,2026-07-09,141.67,delivered
2000000478,2026-07-09,141.67,delivered
2000000479,2026-07-09,141.67,delivered
2000000480,2026-07-09,141.67,delivered
2000000481,2026-07-09,141.67,delivered
2000000482,2026-07-09,141.67,delivered
2000000483,2026-07-09,141.67,delivered
2000000484,2026-07-09,141.67,delayed
2000000485,2026-07-09,141.67,delivered
2000000486,2026-07-09,141.67,delivered
2000000487,2026-07-09,149.03,delayed
2000000488,2026-07-09,149.03,delivered
2000000489,2026-07-09,149.03,delivered
2000000490,2026-07-10,148.85,delivered
2000000491,2026-07-10,148.85,not_delivered
2000000492,2026-07-10,148.85,delivered
2000000493,2026-07-10,148.85,delivered
2000000494,2026-07-10,148.85,delivered
2000000495,2026-07-10,148.85,delivered
2000000496,2026-07-10,148.85,delivered
2000000497,2026-07-10,148.85,delivered
2000000498,2026-07-10,148.85,delivered
2000000499,2026-07-10,148.85,delivered
2000000500,2026-07-10,167.95,delivered
2000000501,2026-07-10,167.95,delivered
2000000502,2026-07-11,132.01,delivered
2000000503,2026-07-11,132.01,delivered
2000000504,2026-07-11,132.01,delivered
2000000505,2026-07-11,132.01,delivered
2000000506,2026-07-11,132.01,delayed
2000000507,2026-07-11,132.01,delivered
2000000508,2026-07-11,132.01,delivered
2000000509,2026-07-11,132.01,delivered
2000000510,2026-07-11,132.01,delivered
2000000511,2026-07-11,132.01,delivered
2000000512,2026-07-11,132.01,delivered
2000000513,2026-07-11,132.01,delivered
2000000514,2026-07-11,132.01,delivered
2000000515,2026-07-11,132.01,delivered
2000000516,2026-07-11,167.25,delivered
2000000517,2026-07-11,167.25,delayed
2000000518,2026-07-12,149.96,delivered
2000000519,2026-07-12,149.96,delivered
2000000520,2026-07-12,149.96,delivered
2000000521,2026-07-12,149.96,delivered
2000000522,2026-07-12,149.96,delivered
2000000523,2026-07-12,149.96,delivered
2000000524,2026-07-12,149.96,delayed
2000000525,2026-07-12,149.96,delivered
2000000526,2026-07-12,149.96,delivered
2000000527,2026-07-12,149.96,delivered
2000000528,2026-07-12,149.96,delivered
2000000529,2026-07-12,149.96,delivered
2000000530,2026-07-12,169.41,delivered
2000000531,2026-07-12,169.41,delivered
2000000532,2026-07-13,128.5,delivered
2000000533,2026-07-13,128.5,delivered
2000000534,2026-07-13,128.5,delivered
2000000535,2026-07-13,128.5,delivered
2000000536,2026-07-13,128.5,delivered
2000000537,2026-07-13,128.5,not_delivered
2000000538,2026-07-13,128.5,delivered
2000000539,2026-07-13,128.5,delivered
2000000540,2026-07-13,128.5,delivered
2000000541,2026-07-13,128.5,delivered
2000000542,2026-07-13,128.5,delivered
2000000543,2026-07-13,128.5,delivered
2000000544,2026-07-13,128.5,delivered
2000000545,2026-07-13,128.5,delivered
2000000546,2026-07-13,128.5,delivered
2000000547,2026-07-13,128.5,delivered
2000000548,2026-07-13,128.5,delivered
2000000549,2026-07-13,167.36,delivered
2000000550,2026-07-13,167.36,delivered
2000000551,2026-07-13,167.36,delivered
2000000552,2026-07-14,152.57,delivered
2000000553,2026-07-14,152.57,delivered
2000000554,2026-07-14,152.57,delivered
2000000555,2026-07-14,152.57,delivered
2000000556,2026-07-14,152.57,delivered
2000000557,2026-07-14,152.57,delivered
2000000558,2026-07-14,152.57,delivered
2000000559,2026-07-14,152.57,delivered
2000000560,2026-07-14,152.57,delivered
2000000561,2026-07-14,152.57,delivered
2000000562,2026-07-14,152.57,delivered
2000000563,2026-07-14,152.57,delivered
2000000564,2026-07-14,152.57,delivered
2000000565,2026-07-14,152.57,delivered
2000000566,2026-07-14,149.92,delivered
2000000567,2026-07-14,149.92,delivered
2000000568,2026-07-14,149.92,delayed
2000000569,2026-07-15,137.12,delivered
2000000570,2026-07-15,137.12,delivered
2000000571,2026-07-15,137.12,delivered
2000000572,2026-07-15,137.12,delivered
2000000573,2026-07-15,137.12,delivered
2000000574,2026-07-15,137.12,delivered
2000000575,2026-07-15,137.12,not_delivered
2000000576,2026-07-15,137.12,delivered
2000000577,2026-07-15,137.12,delivered
2000000578,2026-07-15,137.12,delivered
2000000579,2026-07-15,137.12,delivered
2000000580,2026-07-15,137.12,delivered
2000000581,2026-07-15,137.12,delayed
2000000582,2026-07-15,137.12,delivered
2000000583,2026-07-15,152.87,not_delivered
2000000584,2026-07-15,152.87,delivered
2000000585,2026-07-15,152.87,delivered
2000000586,2026-07-16,155.36,delivered
2000000587,2026-07-16,155.36,delivered
2000000588,2026-07-16,155.36,delivered
2000000589,2026-07-16,155.36,delivered
2000000590,2026-07-16,155.36,delivered
2000000591,2026-07-16,155.36,delivered
2000000592,2026-07-16,155.36,delivered
2000000593,2026-07-16,155.36,delivered
2000000594,2026-07-16,155.36,not_delivered
2000000595,2026-07-16,155.36,delivered
2000000596,2026-07-16,155.36,delivered
2000000597,2026-07-16,155.36,delivered
2000000598,2026-07-16,153.96,delivered
2000000599,2026-07-16,153.96,delivered
2000000600,2026-07-17,138.74,delivered
2000000601,2026-07-17,138.74,delivered
2000000602,2026-07-17,138.74,delivered
2000000603,2026-07-17,138.74,delivered
2000000604,2026-07-17,138.74,delivered
2000000605,2026-07-17,138.74,delivered
2000000606,2026-07-17,138.74,delivered
2000000607,2026-07-17,138.74,delivered
2000000608,2026-07-17,138.74,delivered
2000000609,2026-07-17,138.74,delivered
2000000610,2026-07-17,138.74,delivered
2000000611,2026-07-17,138.74,delivered
2000000612,2026-07-17,138.74,not_delivered
2000000613,2026-07-17,138.74,delivered
2000000614,2026-07-17,138.74,delivered
2000000615,2026-07-17,169.28,delivered
2000000616,2026-07-17,169.28,delayed
2000000617,2026-07-18,138.14,delivered
2000000618,2026-07-18,138.14,delivered
2000000619,2026-07-18,138.14,delivered
2000000620,2026-07-18,138.14,delivered
2000000621,2026-07-18,138.14,delivered
2000000622,2026-07-18,138.14,delivered
2000000623,2026-07-18,138.14,delivered
2000000624,2026-07-18,138.14,not_delivered
2000000625,2026-07-18,138.14,delivered
2000000626,2026-07-18,138.14,delivered
2000000627,2026-07-18,138.14,delivered
2000000628,2026-07-18,138.14,delivered
2000000629,2026-07-18,166.86,delivered
2000000630,2026-07-18,166.86,delayed
2000000631,2026-07-19,139.23,delivered
2000000632,2026-07-19,139.23,delivered
2000000633,2026-07-19,139.23,not_delivered
2000000634,2026-07-19,139.23,delayed
2000000635,2026-07-19,139.23,delivered
2000000636,2026-07-19,139.23,delivered
2000000637,2026-07-19,139.23,delivered
2000000638,2026-07-19,139.23,delivered
2000000639,2026-07-19,139.23,delivered
2000000640,2026-07-19,139.23,delayed
2000000641,2026-07-19,139.23,delivered
2000000642,2026-07-19,139.23,delayed
2000000643,2026-07-19,139.23,delivered
2000000644,2026-07-19,161.53,delivered
2000000645,2026-07-19,161.53,not_delivered
2000000646,2026-07-19,161.53,delivered
2000000647,2026-07-20,127.81,delivered
2000000648,2026-07-20,127.81,delivered
2000000649,2026-07-20,127.81,delivered
2000000650,2026-07-20,127.81,delivered
2000000651,2026-07-20,127.81,delivered
2000000652,2026-07-20,127.81,delivered
2000000653,2026-07-20,127.81,delivered
2000000654,2026-07-20,127.81,delivered
2000000655,2026-07-20,127.81,delivered
2000000656,2026-07-20,127.81,delivered
2000000657,2026-07-20,127.81,delivered
2000000658,2026-07-20,127.81,delivered
2000000659,2026-07-20,127.81,delivered
2000000660,2026-07-20,127.81,delivered
2000000661,2026-07-20,127.81,delivered
2000000662,2026-07-20,127.81,delivered
2000000663,2026-07-20,154.91,delivered
2000000664,2026-07-20,154.91,delivered
2000000665,2026-07-20,154.91,delivered
2000000666,2026-07-21,150.41,delivered
2000000667,2026-07-21,150.41,delivered
2000000668,2026-07-21,150.41,delivered
2000000669,2026-07-21,150.41,delivered
2000000670,2026-07-21,150.41,delivered
2000000671,2026-07-21,150.41,delivered
2000000672,2026-07-21,150.41,not_delivered
2000000673,2026-07-21,150.41,delivered
2000000674,2026-07-21,150.41,delivered
2000000675,2026-07-21,150.41,delivered
2000000676,2026-07-21,150.41,delivered
2000000677,2026-07-21,150.41,delivered
2000000678,2026-07-21,150.41,delivered
2000000679,2026-07-21,150.41,delivered
2000000680,2026-07-21,150.41,delivered
2000000681,2026-07-21,150.41,delivered
2000000682,2026-07-21,150.41,delivered
2000000683,2026-07-21,150.41,delivered
2000000684,2026-07-21,150.86,delivered
2000000685,2026-07-21,150.86,delivered
2000000686,2026-07-21,150.86,delivered
2000000687,2026-07-22,133.46,delivered
2000000688,2026-07-22,133.46,delivered
2000000689,2026-07-22,133.46,delivered
2000000690,2026-07-22,133.46,delivered
2000000691,2026-07-22,133.46,delivered
2000000692,2026-07-22,133.46,delivered
2000000693,2026-07-22,133.46,delivered
2000000694,2026-07-22,133.46,delivered
2000000695,2026-07-22,133.46,delivered
2000000696,2026-07-22,133.46,delivered
2000000697,2026-07-22,133.46,delivered
2000000698,2026-07-22,133.46,delivered
2000000699,2026-07-22,133.46,delivered
2000000700,2026-07-22,142.67,delivered
2000000701,2026-07-22,142.67,delivered
2000000702,2026-07-22,142.67,delivered
2000000703,2026-07-23,141.84,delivered
2000000704,2026-07-23,141.84,delivered
2000000705,2026-07-23,141.84,delivered
2000000706,2026-07-23,141.84,delivered
2000000707,2026-07-23,141.84,delivered
2000000708,2026-07-23,141.84,delivered
2000000709,2026-07-23,141.84,delivered
2000000710,2026-07-23,141.84,delivered
2000000711,2026-07-23,141.84,delivered
2000000712,2026-07-23,141.84,delivered
2000000713,2026-07-23,141.84,delivered
2000000714,2026-07-23,141.84,delivered
2000000715,2026-07-23,141.84,delivered
2000000716,2026-07-23,141.84,delivered
2000000717,2026-07-23,164.43,delivered
2000000718,2026-07-23,164.43,delivered
2000000719,2026-07-24,142.51,delivered
2000000720,2026-07-24,142.51,delivered
2000000721,2026-07-24,142.51,delivered
2000000722,2026-07-24,142.51,delivered
2000000723,2026-07-24,142.51,delivered
2000000724,2026-07-24,142.51,delivered
2000000725,2026-07-24,142.51,delivered
2000000726,2026-07-24,142.51,delivered
2000000727,2026-07-24,142.51,delivered
2000000728,2026-07-24,142.51,delivered
2000000729,2026-07-24,142.51,delivered
2000000730,2026-07-24,142.51,delivered
2000000731,2026-07-24,142.51,delivered
2000000732,2026-07-24,142.51,delivered
2000000733,2026-07-24,165.4,delivered
2000000734,2026-07-24,165.4,delivered
2000000735,2026-07-25,153.12,delivered
2000000736,2026-07-25,153.12,delayed
2000000737,2026-07-25,153.12,not_delivered
2000000738,2026-07-25,153.12,delivered
2000000739,2026-07-25,153.12,not_delivered
2000000740,2026-07-25,153.12,delivered
2000000741,2026-07-25,153.12,delivered
2000000742,2026-07-25,153.12,delivered
2000000743,2026-07-25,153.12,delivered
2000000744,2026-07-25,153.12,delayed
2000000745,2026-07-25,153.12,delivered
2000000746,2026-07-25,153.12,delivered
2000000747,2026-07-25,153.12,delayed
2000000748,2026-07-25,153.12,delivered
2000000749,2026-07-25,157.49,delivered
2000000750,2026-07-25,157.49,delivered
2000000751,2026-07-26,134.82,delivered
2000000752,2026-07-26,134.82,delivered
2000000753,2026-07-26,134.82,delivered
2000000754,2026-07-26,134.82,delivered
2000000755,2026-07-26,134.82,delivered
2000000756,2026-07-26,134.82,delivered
2000000757,2026-07-26,134.82,delivered
2000000758,2026-07-26,134.82,delivered
2000000759,2026-07-26,134.82,delivered
2000000760,2026-07-26,134.82,delivered
2000000761,2026-07-26,134.82,delivered
2000000762,2026-07-26,134.82,delivered
2000000763,2026-07-26,148.97,delivered
2000000764,2026-07-26,148.97,delivered
2000000765,2026-07-27,143.14,delivered
2000000766,2026-07-27,143.14,delivered
2000000767,2026-07-27,143.14,delivered
2000000768,2026-07-27,143.14,delivered
2000000769,2026-07-27,143.14,delivered
2000000770,2026-07-27,143.14,delivered
2000000771,2026-07-27,143.14,delivered
2000000772,2026-07-27,143.14,not_delivered
2000000773,2026-07-27,143.14,delivered
2000000774,2026-07-27,143.14,delivered
2000000775,2026-07-27,143.14,delivered
2000000776,2026-07-27,143.14,delivered
2000000777,2026-07-27,142.4,delivered
2000000778,2026-07-27,142.4,delivered
2000000779,2026-07-27,142.4,delivered
2000000780,2026-07-28,139.73,delivered
2000000781,2026-07-28,139.73,delivered
2000000782,2026-07-28,139.73,delivered
2000000783,2026-07-28,139.73,delivered
2000000784,2026-07-28,139.73,delivered
2000000785,2026-07-28,139.73,delivered
2000000786,2026-07-28,139.73,delivered
2000000787,2026-07-28,139.73,delivered
2000000788,2026-07-28,139.73,delivered
2000000789,2026-07-28,139.73,delivered
2000000790,2026-07-28,139.73,delivered
2000000791,2026-07-28,139.73,delivered
2000000792,2026-07-28,164.29,delivered
2000000793,2026-07-28,164.29,delivered
2000000794,2026-07-28,164.29,delivered
2000000795,2026-07-29,152.04,delivered
2000000796,2026-07-29,152.04,delivered
2000000797,2026-07-29,152.04,delivered
2000000798,2026-07-29,152.04,delivered
2000000799,2026-07-29,152.04,delivered
2000000800,2026-07-29,152.04,delivered
2000000801,2026-07-29,152.04,delivered
2000000802,2026-07-29,152.04,delivered
2000000803,2026-07-29,152.04,delivered
2000000804,2026-07-29,152.04,delivered
2000000805,2026-07-29,152.04,delivered
2000000806,2026-07-29,152.04,not_delivered
2000000807,2026-07-29,152.04,delivered
2000000808,2026-07-29,152.04,delivered
2000000809,2026-07-29,152.04,delivered
2000000810,2026-07-29,152.04,delivered
2000000811,2026-07-29,152.04,delivered
2000000812,2026-07-29,159.22,delayed
2000000813,2026-07-29,159.22,not_delivered
2000000814,2026-07-29,159.22,delivered
2000000815,2026-07-30,137.35,delivered
2000000816,2026-07-30,137.35,delivered
2000000817,2026-07-30,137.35,delivered
2000000818,2026-07-30,137.35,delivered
2000000819,2026-07-30,137.35,delivered
2000000820,2026-07-30,137.35,delivered
2000000821,2026-07-30,137.35,delivered
2000000822,2026-07-30,137.35,delivered
2000000823,2026-07-30,137.35,delivered
2000000824,2026-07-30,137.35,delivered
2000000825,2026-07-30,144.38,delivered
2000000826,2026-07-30,144.38,delivered
2000000827,2026-07-30,144.38,delivered
2000000828,2026-07-31,128.57,delayed
2000000829,2026-07-31,128.57,delivered
2000000830,2026-07-31,128.57,delivered
2000000831,2026-07-31,128.57,delivered
2000000832,2026-07-31,128.57,delivered
2000000833,2026-07-31,128.57,delivered
2000000834,2026-07-31,128.57,delivered
2000000835,2026-07-31,128.57,delivered
2000000836,2026-07-31,128.57,delivered
2000000837,2026-07-31,128.57,delivered
2000000838,2026-07-31,128.57,delivered
2000000839,2026-07-31,128.57,delivered
2000000840,2026-07-31,128.57,delivered
2000000841,2026-07-31,128.57,delivered
2000000842,2026-07-31,128.57,delivered
2000000843,2026-07-31,128.57,delivered
2000000844,2026-07-31,152.23,delivered
2000000845,2026-07-31,152.23,delivered
2000000846,2026-08-01,149.16,delivered
2000000847,2026-08-01,149.16,delivered
2000000848,2026-08-01,149.16,delivered
2000000849,2026-08-01,149.16,delivered
2000000850,2026-08-01,149.16,not_delivered
2000000851,2026-08-01,149.16,delivered
2000000852,2026-08-01,149.16,not_delivered
2000000853,2026-08-01,149.16,delayed
2000000854,2026-08-01,149.16,delivered
2000000855,2026-08-01,149.16,delayed
2000000856,2026-08-01,149.16,delivered
2000000857,2026-08-01,157.23,delivered
2000000858,2026-08-01,157.23,delivered
2000000859,2026-08-02,146.31,delivered
2000000860,2026-08-02,146.31,delivered
2000000861,2026-08-02,146.31,delivered
2000000862,2026-08-02,146.31,delivered
2000000863,2026-08-02,146.31,delivered
2000000864,2026-08-02,146.31,delivered
2000000865,2026-08-02,146.31,delivered
2000000866,2026-08-02,146.31,delivered
2000000867,2026-08-02,146.31,delivered
2000000868,2026-08-02,146.31,delivered
2000000869,2026-08-02,146.31,delivered
2000000870,2026-08-02,146.31,delayed
2000000871,2026-08-02,146.31,delivered
2000000872,2026-08-02,146.31,delivered
2000000873,2026-08-02,146.31,delivered
2000000874,2026-08-02,146.31,delivered
2000000875,2026-08-02,146.31,delivered
2000000876,2026-08-02,145.15,delivered
2000000877,2026-08-02,145.15,delivered
2000000878,2026-08-03,147.66,delivered
2000000879,2026-08-03,147.66,delivered
2000000880,2026-08-03,147.66,not_delivered
2000000881,2026-08-03,147.66,delivered
2000000882,2026-08-03,147.66,delivered
2000000883,2026-08-03,147.66,delivered
2000000884,2026-08-03,147.66,delivered
2000000885,2026-08-03,147.66,delivered
2000000886,2026-08-03,147.66,delivered
2000000887,2026-08-03,147.66,delivered
2000000888,2026-08-03,147.66,delivered
2000000889,2026-08-03,143.97,delivered
2000000890,2026-08-03,143.97,delivered
2000000891,2026-08-03,143.97,delivered
2000000892,2026-08-03,143.97,delayed
2000000893,2026-08-04,136.66,delivered
2000000894,2026-08-04,136.66,delivered
2000000895,2026-08-04,136.66,delivered
2000000896,2026-08-04,136.66,delivered
2000000897,2026-08-04,136.66,delivered
2000000898,2026-08-04,136.66,delivered
2000000899,2026-08-04,136.66,delivered
2000000900,2026-08-04,136.66,delivered
2000000901,2026-08-04,136.66,delivered
2000000902,2026-08-04,136.66,delivered
2000000903,2026-08-04,136.66,delivered
2000000904,2026-08-04,136.66,delivered
2000000905,2026-08-04,142.77,delivered
2000000906,2026-08-04,142.77,not_delivered
2000000907,2026-08-04,142.77,delivered
2000000908,2026-08-05,151.95,delivered
2000000909,2026-08-05,151.95,delivered
2000000910,2026-08-05,151.95,delivered
2000000911,2026-08-05,151.95,delivered
2000000912,2026-08-05,151.95,delivered
2000000913,2026-08-05,151.95,delivered
2000000914,2026-08-05,151.95,delivered
2000000915,2026-08-05,151.95,delivered
2000000916,2026-08-05,151.95,delivered
2000000917,2026-08-05,151.95,delivered
2000000918,2026-08-05,151.95,delivered
2000000919,2026-08-05,151.95,delivered
2000000920,2026-08-05,151.95,delivered
2000000921,2026-08-05,151.95,delivered
2000000922,2026-08-05,151.95,delivered
2000000923,2026-08-05,151.95,delivered
2000000924,2026-08-05,151.95,delivered
2000000925,2026-08-05,151.95,delivered
2000000926,2026-08-05,151.23,delayed
2000000927,2026-08-05,151.23,delivered
2000000928,2026-08-05,151.23,delivered
2000000929,2026-08-06,151.93,delivered
2000000930,2026-08-06,151.93,delivered
2000000931,2026-08-06,151.93,delivered
2000000932,2026-08-06,151.93,delivered
2000000933,2026-08-06,151.93,delivered
2000000934,2026-08-06,151.93,delivered
2000000935,2026-08-06,151.93,delivered
2000000936,2026-08-06,151.93,delivered
2000000937,2026-08-06,151.93,delivered
2000000938,2026-08-06,151.93,delivered
2000000939,2026-08-06,151.93,delivered
2000000940,2026-08-06,151.93,delivered
2000000941,2026-08-06,151.93,delivered
2000000942,2026-08-06,151.93,delivered
2000000943,2026-08-06,166.26,delayed
2000000944,2026-08-06,166.26,delivered
2000000945,2026-08-06,166.26,delivered
2000000946,2026-08-07,135.47,delivered
2000000947,2026-08-07,135.47,delivered
2000000948,2026-08-07,135.47,delivered
2000000949,2026-08-07,135.47,delivered
2000000950,2026-08-07,135.47,delivered
2000000951,2026-08-07,135.47,delivered
2000000952,2026-08-07,135.47,delivered
2000000953,2026-08-07,135.47,delivered
2000000954,2026-08-07,135.47,delivered
2000000955,2026-08-07,135.47,delivered
2000000956,2026-08-07,135.47,delivered
2000000957,2026-08-07,135.47,delivered
2000000958,2026-08-07,135.47,delivered
2000000959,2026-08-07,135.47,delivered
2000000960,2026-08-07,135.47,delivered
2000000961,2026-08-07,135.47,delivered
2000000962,2026-08-07,135.47,delivered
2000000963,2026-08-07,135.47,delivered
2000000964,2026-08-07,135.47,delivered
2000000965,2026-08-07,163.21,delivered
2000000966,2026-08-07,163.21,delivered
2000000967,2026-08-07,163.21,delivered
2000000968,2026-08-08,152.84,delivered
2000000969,2026-08-08,152.84,delivered
2000000970,2026-08-08,152.84,delivered
2000000971,2026-08-08,152.84,delivered
2000000972,2026-08-08,152.84,delivered
2000000973,2026-08-08,152.84,delivered
2000000974,2026-08-08,152.84,delivered
2000000975,2026-08-08,152.84,delivered
2000000976,2026-08-08,152.84,delayed
2000000977,2026-08-08,141.3,delivered
2000000978,2026-08-08,141.3,delivered
2000000979,2026-08-09,137.47,delivered
2000000980,2026-08-09,137.47,delivered
2000000981,2026-08-09,137.47,delivered
2000000982,2026-08-09,137.47,delivered
2000000983,2026-08-09,137.47,delivered
2000000984,2026-08-09,137.47,delivered
2000000985,2026-08-09,137.47,delivered
2000000986,2026-08-09,137.47,delivered
2000000987,2026-08-09,137.47,delivered
2000000988,2026-08-09,137.47,delivered
2000000989,2026-08-09,137.47,delivered
2000000990,2026-08-09,137.47,delayed
2000000991,2026-08-09,137.47,delivered
2000000992,2026-08-09,137.47,delivered
2000000993,2026-08-09,137.47,delayed
2000000994,2026-08-09,137.47,delivered
2000000995,2026-08-09,137.47,delivered
2000000996,2026-08-09,137.47,delivered
2000000997,2026-08-09,169.98,delivered
2000000998,2026-08-09,169.98,delivered
2000000999,2026-08-10,147.41,not_delivered
2000001000,2026-08-10,147.41,delivered
2000001001,2026-08-10,147.41,delivered
2000001002,2026-08-10,147.41,delivered
2000001003,2026-08-10,147.41,delivered
2000001004,2026-08-10,147.41,delayed
2000001005,2026-08-10,147.41,delivered
2000001006,2026-08-10,147.41,delivered
2000001007,2026-08-10,147.41,not_delivered
2000001008,2026-08-10,147.41,delivered
2000001009,2026-08-10,147.41,delivered
2000001010,2026-08-10,147.41,delivered
2000001011,2026-08-10,147.41,delivered
2000001012,2026-08-10,147.41,delivered
2000001013,2026-08-10,147.41,delivered
2000001014,2026-08-10,147.31,delivered
2000001015,2026-08-10,147.31,delivered
2000001016,2026-08-11,142.88,delivered
2000001017,2026-08-11,142.88,delivered
2000001018,2026-08-11,142.88,delivered
2000001019,2026-08-11,142.88,delivered
2000001020,2026-08-11,142.88,delivered
2000001021,2026-08-11,142.88,delivered
2000001022,2026-08-11,142.88,delivered
2000001023,2026-08-11,142.88,delivered
2000001024,2026-08-11,142.88,delivered
2000001025,2026-08-11,142.88,delivered
2000001026,2026-08-11,142.88,delivered
2000001027,2026-08-11,142.88,delivered
2000001028,2026-08-11,142.88,delivered
2000001029,2026-08-11,142.88,delivered
2000001030,2026-08-11,142.88,delivered
2000001031,2026-08-11,142.88,delivered
2000001032,2026-08-11,142.88,delivered
2000001033,2026-08-11,142.88,delivered
2000001034,2026-08-11,148.85,delivered
2000001035,2026-08-11,148.85,delivered
2000001036,2026-08-11,148.85,delivered
2000001037,2026-08-12,143.02,delivered
2000001038,2026-08-12,143.02,delivered
2000001039,2026-08-12,143.02,delivered
2000001040,2026-08-12,143.02,delivered
2000001041,2026-08-12,143.02,delivered
2000001042,2026-08-12,143.02,delayed
2000001043,2026-08-12,143.02,delivered
2000001044,2026-08-12,143.02,delivered
2000001045,2026-08-12,143.02,delivered
2000001046,2026-08-12,143.02,delivered
2000001047,2026-08-12,143.02,delivered
2000001048,2026-08-12,143.02,delivered
2000001049,2026-08-12,143.02,delivered
2000001050,2026-08-12,163.01,delivered
2000001051,2026-08-12,163.01,delivered
2000001052,2026-08-12,163.01,delivered
2000001053,2026-08-13,133.31,delivered
2000001054,2026-08-13,133.31,delivered
2000001055,2026-08-13,133.31,delivered
2000001056,2026-08-13,133.31,delivered
2000001057,2026-08-13,133.31,delivered
2000001058,2026-08-13,133.31,delivered
2000001059,2026-08-13,133.31,delivered
2000001060,2026-08-13,133.31,delivered
2000001061,2026-08-13,133.31,not_delivered
2000001062,2026-08-13,133.31,delivered
2000001063,2026-08-13,133.31,delivered
2000001064,2026-08-13,133.31,delivered
2000001065,2026-08-13,133.31,delivered
2000001066,2026-08-13,133.31,delivered
2000001067,2026-08-13,148.96,delivered
2000001068,2026-08-13,148.96,delivered
2000001069,2026-08-13,148.96,delayed
2000001070,2026-08-14,152.46,delivered
2000001071,2026-08-14,152.46,delivered
2000001072,2026-08-14,152.46,not_delivered
2000001073,2026-08-14,152.46,delivered
2000001074,2026-08-14,152.46,delivered
2000001075,2026-08-14,152.46,delayed
2000001076,2026-08-14,152.46,delayed
2000001077,2026-08-14,152.46,delivered
2000001078,2026-08-14,152.46,delivered
2000001079,2026-08-14,152.46,delivered
2000001080,2026-08-14,152.46,delivered
2000001081,2026-08-14,152.46,delivered
2000001082,2026-08-14,152.46,delivered
2000001083,2026-08-14,152.46,delivered
2000001084,2026-08-14,154.14,delivered
2000001085,2026-08-14,154.14,delivered
2000001086,2026-08-15,151.15,delivered
2000001087,2026-08-15,151.15,delivered
2000001088,2026-08-15,151.15,delivered
2000001089,2026-08-15,151.15,delivered
2000001090,2026-08-15,151.15,delivered
2000001091,2026-08-15,151.15,not_delivered
2000001092,2026-08-15,151.15,delivered
2000001093,2026-08-15,151.15,delivered
2000001094,2026-08-15,151.15,delivered
2000001095,2026-08-15,151.15,delivered
2000001096,2026-08-15,151.15,delivered
2000001097,2026-08-15,151.15,delivered
2000001098,2026-08-15,151.15,delivered
2000001099,2026-08-15,145.05,delivered
2000001100,2026-08-15,145.05,delivered
2000001101,2026-08-16,149.51,delivered
2000001102,2026-08-16,149.51,delivered
2000001103,2026-08-16,149.51,delivered
2000001104,2026-08-16,149.51,delivered
2000001105,2026-08-16,149.51,delivered
2000001106,2026-08-16,149.51,delivered
2000001107,2026-08-16,149.51,delayed
2000001108,2026-08-16,149.51,delivered
2000001109,2026-08-16,149.51,delivered
2000001110,2026-08-16,149.51,delivered
2000001111,2026-08-16,149.51,delivered
2000001112,2026-08-16,149.51,delivered
2000001113,2026-08-16,154.46,delivered
2000001114,2026-08-16,154.46,delivered
2000001115,2026-08-16,154.46,delivered
2000001116,2026-08-17,145.44,delivered
2000001117,2026-08-17,145.44,delivered
2000001118,2026-08-17,145.44,delivered
2000001119,2026-08-17,145.44,delivered
2000001120,2026-08-17,145.44,delivered
2000001121,2026-08-17,145.44,delivered
2000001122,2026-08-17,145.44,delivered
2000001123,2026-08-17,145.44,delivered
2000001124,2026-08-17,145.44,delivered
2000001125,2026-08-17,145.44,delayed
2000001126,2026-08-17,145.44,delivered
2000001127,2026-08-17,145.44,delivered
2000001128,2026-08-17,145.44,delivered
2000001129,2026-08-17,145.44,delayed
2000001130,2026-08-17,146.98,delivered
2000001131,2026-08-17,146.98,delivered
2000001132,2026-08-17,146.98,delivered
2000001133,2026-08-18,127.88,delivered
2000001134,2026-08-18,127.88,delivered
2000001135,2026-08-18,127.88,delivered
2000001136,2026-08-18,127.88,delivered
2000001137,2026-08-18,127.88,delivered
2000001138,2026-08-18,127.88,delivered
2000001139,2026-08-18,127.88,delivered
2000001140,2026-08-18,127.88,delivered
2000001141,2026-08-18,127.88,delivered
2000001142,2026-08-18,127.88,delivered
2000001143,2026-08-18,127.88,delivered
2000001144,2026-08-18,127.88,delivered
2000001145,2026-08-18,127.88,delivered
2000001146,2026-08-18,127.88,delayed
2000001147,2026-08-18,127.88,delivered
2000001148,2026-08-18,162.46,not_delivered
2000001149,2026-08-18,162.46,delivered
2000001150,2026-08-18,162.46,delivered
2000001151,2026-08-19,150.17,delivered
2000001152,2026-08-19,150.17,delivered
2000001153,2026-08-19,150.17,delivered
2000001154,2026-08-19,150.17,delivered
2000001155,2026-08-19,150.17,delivered
2000001156,2026-08-19,150.17,delivered
2000001157,2026-08-19,150.17,delivered
2000001158,2026-08-19,150.17,delivered
2000001159,2026-08-19,150.17,delivered
2000001160,2026-08-19,150.17,delivered
2000001161,2026-08-19,150.17,delivered
2000001162,2026-08-19,150.17,delivered
2000001163,2026-08-19,150.17,delivered
2000001164,2026-08-19,150.17,delivered
2000001165,2026-08-19,150.17,delayed
2000001166,2026-08-19,150.17,delivered
2000001167,2026-08-19,150.17,delivered
2000001168,2026-08-19,150.17,delivered
2000001169,2026-08-19,150.17,delivered
2000001170,2026-08-19,150.17,not_delivered
2000001171,2026-08-19,150.17,delivered
2000001172,2026-08-19,150.17,delivered
2000001173,2026-08-19,157.39,delivered
2000001174,2026-08-19,157.39,delivered
2000001175,2026-08-19,157.39,delivered
2000001176,2026-08-20,132.51,delivered
2000001177,2026-08-20,132.51,delivered
2000001178,2026-08-20,132.51,delivered
2000001179,2026-08-20,132.51,delivered
2000001180,2026-08-20,132.51,delivered
2000001181,2026-08-20,132.51,delivered
2000001182,2026-08-20,132.51,delivered
2000001183,2026-08-20,132.51,delivered
2000001184,2026-08-20,132.51,delivered
2000001185,2026-08-20,132.51,delivered
2000001186,2026-08-20,132.51,delivered
2000001187,2026-08-20,132.51,delivered
2000001188,2026-08-20,144.28,delivered
2000001189,2026-08-20,144.28,delivered
2000001190,2026-08-21,141.82,delivered
2000001191,2026-08-21,141.82,delivered
2000001192,2026-08-21,141.82,delivered
2000001193,2026-08-21,141.82,delivered
2000001194,2026-08-21,141.82,delivered
2000001195,2026-08-21,141.82,delivered
2000001196,2026-08-21,141.82,delivered
2000001197,2026-08-21,141.82,delivered
2000001198,2026-08-21,141.82,delivered
2000001199,2026-08-21,141.82,delivered
2000001200,2026-08-21,141.82,delivered
2000001201,2026-08-21,141.82,delivered
2000001202,2026-08-21,141.82,delivered
2000001203,2026-08-21,141.82,delivered
2000001204,2026-08-21,141.82,delivered
2000001205,2026-08-21,141.82,delivered
2000001206,2026-08-21,148.21,delivered
2000001207,2026-08-21,148.21,delivered
2000001208,2026-08-22,154.8,delivered
2000001209,2026-08-22,154.8,delivered
2000001210,2026-08-22,154.8,delivered
2000001211,2026-08-22,154.8,delivered
2000001212,2026-08-22,154.8,delivered
2000001213,2026-08-22,154.8,delivered
2000001214,2026-08-22,154.8,delivered
2000001215,2026-08-22,154.8,delivered
2000001216,2026-08-22,154.8,delivered
2000001217,2026-08-22,154.8,delivered
2000001218,2026-08-22,154.8,delivered
2000001219,2026-08-22,154.8,delayed
2000001220,2026-08-22,164.0,delivered
2000001221,2026-08-22,164.0,delivered
2000001222,2026-08-23,144.42,delivered
2000001223,2026-08-23,144.42,delivered
2000001224,2026-08-23,144.42,delivered
2000001225,2026-08-23,144.42,delivered
2000001226,2026-08-23,144.42,delivered
2000001227,2026-08-23,144.42,delivered
2000001228,2026-08-23,144.42,delivered
2000001229,2026-08-23,144.42,delivered
2000001230,2026-08-23,144.42,delayed
2000001231,2026-08-23,144.42,delivered
2000001232,2026-08-23,144.42,delivered
2000001233,2026-08-23,144.42,delivered
2000001234,2026-08-23,150.8,delivered
2000001235,2026-08-23,150.8,delivered
2000001236,2026-08-23,150.8,delivered
2000001237,2026-08-24,135.99,delivered
2000001238,2026-08-24,135.99,delivered
2000001239,2026-08-24,135.99,delivered
2000001240,2026-08-24,135.99,delivered
2000001241,2026-08-24,135.99,delivered
2000001242,2026-08-24,135.99,delivered
2000001243,2026-08-24,135.99,delivered
2000001244,2026-08-24,135.99,delivered
2000001245,2026-08-24,135.99,delivered
2000001246,2026-08-24,135.99,delivered
2000001247,2026-08-24,135.99,delivered
2000001248,2026-08-24,135.99,delivered
2000001249,2026-08-24,135.99,delivered
2000001250,2026-08-24,135.99,delivered
2000001251,2026-08-24,135.99,delivered
2000001252,2026-08-24,135.99,delivered
2000001253,2026-08-24,135.99,delivered
2000001254,2026-08-24,135.99,delivered
2000001255,2026-08-24,150.21,delivered
2000001256,2026-08-24,150.21,delivered
2000001257,2026-08-24,150.21,delayed
2000001258,2026-08-25,155.86,delivered
2000001259,2026-08-25,155.86,delivered
2000001260,2026-08-25,155.86,delivered
2000001261,2026-08-25,155.86,delivered
2000001262,2026-08-25,155.86,delayed
2000001263,2026-08-25,155.86,delivered
2000001264,2026-08-25,155.86,delivered
2000001265,2026-08-25,155.86,delivered
2000001266,2026-08-25,155.86,delivered
2000001267,2026-08-25,155.86,delayed
2000001268,2026-08-25,155.86,delivered
2000001269,2026-08-25,155.86,delivered
2000001270,2026-08-25,155.86,delivered
2000001271,2026-08-25,155.86,delivered
2000001272,2026-08-25,155.86,delivered
2000001273,2026-08-25,151.69,delivered
2000001274,2026-08-25,151.69,delivered
2000001275,2026-08-25,151.69,delivered
2000001276,2026-08-26,143.4,delivered
2000001277,2026-08-26,143.4,delivered
2000001278,2026-08-26,143.4,delivered
2000001279,2026-08-26,143.4,delivered
2000001280,2026-08-26,143.4,delivered
2000001281,2026-08-26,143.4,delivered
2000001282,2026-08-26,143.4,delivered
2000001283,2026-08-26,143.4,delivered
2000001284,2026-08-26,143.4,delivered
2000001285,2026-08-26,143.4,delivered
2000001286,2026-08-26,143.4,delivered
2000001287,2026-08-26,143.4,delivered
2000001288,2026-08-26,143.4,delayed
2000001289,2026-08-26,143.4,delivered
2000001290,2026-08-26,143.4,delivered
2000001291,2026-08-26,170.76,delayed
2000001292,2026-08-26,170.76,delivered
2000001293,2026-08-26,170.76,delivered
2000001294,2026-08-27,143.48,delayed
2000001295,2026-08-27,143.48,delivered
2000001296,2026-08-27,143.48,delivered
2000001297,2026-08-27,143.48,delivered
2000001298,2026-08-27,143.48,delivered
2000001299,2026-08-27,143.48,delivered
2000001300,2026-08-27,143.48,delivered
2000001301,2026-08-27,143.48,delivered
2000001302,2026-08-27,143.48,delivered
2000001303,2026-08-27,143.48,delivered
2000001304,2026-08-27,143.48,delivered
2000001305,2026-08-27,143.48,delivered
2000001306,2026-08-27,143.48,delivered
2000001307,2026-08-27,143.48,delivered
2000001308,2026-08-27,143.48,delivered
2000001309,2026-08-27,143.48,delivered
2000001310,2026-08-27,143.48,delivered
2000001311,2026-08-27,143.48,delivered
2000001312,2026-08-27,144.06,delivered
2000001313,2026-08-27,144.06,not_delivered
2000001314,2026-08-28,135.57,delivered
2000001315,2026-08-28,135.57,not_delivered
2000001316,2026-08-28,135.57,delivered
2000001317,2026-08-28,135.57,delivered
2000001318,2026-08-28,135.57,delivered
2000001319,2026-08-28,135.57,delivered
2000001320,2026-08-28,135.57,delivered
2000001321,2026-08-28,135.57,delivered
2000001322,2026-08-28,135.57,delivered
2000001323,2026-08-28,135.57,delivered
2000001324,2026-08-28,135.57,delivered
2000001325,2026-08-28,135.57,delivered
2000001326,2026-08-28,135.57,delivered
2000001327,2026-08-28,135.57,delivered
2000001328,2026-08-28,135.57,delivered
2000001329,2026-08-28,135.57,delivered
2000001330,2026-08-28,135.57,delivered
2000001331,2026-08-28,152.37,delivered
2000001332,2026-08-28,152.37,delivered
2000001333,2026-08-28,152.37,delivered
2000001334,2026-08-29,135.65,delivered
2000001335,2026-08-29,135.65,delivered
2000001336,2026-08-29,135.65,delivered
2000001337,2026-08-29,135.65,delivered
2000001338,2026-08-29,135.65,delivered
2000001339,2026-08-29,135.65,delivered
2000001340,2026-08-29,135.65,delivered
2000001341,2026-08-29,135.65,delivered
2000001342,2026-08-29,135.65,delivered
2000001343,2026-08-29,135.65,delivered
2000001344,2026-08-29,135.65,delivered
2000001345,2026-08-29,135.65,not_delivered
2000001346,2026-08-29,135.65,delivered
2000001347,2026-08-29,135.65,delivered
2000001348,2026-08-29,135.65,delivered
2000001349,2026-08-29,135.65,delivered
2000001350,2026-08-29,135.65,delivered
2000001351,2026-08-29,135.65,not_delivered
2000001352,2026-08-29,166.0,delivered
2000001353,2026-08-29,166.0,delivered
2000001354,2026-08-29,166.0,delivered
2000001355,2026-08-30,141.71,delivered
2000001356,2026-08-30,141.71,delivered
2000001357,2026-08-30,141.71,delivered
2000001358,2026-08-30,141.71,delivered
2000001359,2026-08-30,141.71,delivered
2000001360,2026-08-30,141.71,delivered
2000001361,2026-08-30,141.71,delivered
2000001362,2026-08-30,141.71,delivered
2000001363,2026-08-30,141.71,delivered
2000001364,2026-08-30,141.71,delivered
2000001365,2026-08-30,141.71,delivered
2000001366,2026-08-30,141.71,delivered
2000001367,2026-08-30,141.71,delivered
2000001368,2026-08-30,141.71,delivered
2000001369,2026-08-30,141.71,delivered
2000001370,2026-08-30,141.71,delivered
2000001371,2026-08-30,141.71,delivered
2000001372,2026-08-30,141.71,delayed
2000001373,2026-08-30,157.36,delivered
2000001374,2026-08-30,157.36,delivered
2000001375,2026-08-31,144.04,delivered
2000001376,2026-08-31,144.04,delivered
2000001377,2026-08-31,144.04,delivered
2000001378,2026-08-31,144.04,delivered
2000001379,2026-08-31,144.04,delivered
2000001380,2026-08-31,144.04,delivered
2000001381,2026-08-31,144.04,delivered
2000001382,2026-08-31,144.04,delivered
2000001383,2026-08-31,144.04,delivered
2000001384,2026-08-31,144.04,delivered
2000001385,2026-08-31,144.04,delayed
2000001386,2026-08-31,144.04,delivered
2000001387,2026-08-31,144.04,delivered
2000001388,2026-08-31,144.04,delivered
2000001389,2026-08-31,144.04,delivered
2000001390,2026-08-31,144.04,delivered
2000001391,2026-08-31,144.04,delivered
2000001392,2026-08-31,144.04,delivered
2000001393,2026-08-31,144.04,delivered
2000001394,2026-08-31,162.4,delivered
2000001395,2026-08-31,162.4,delivered
2000001396,2026-08-31,162.4,delivered
2000001397,2026-09-01,155.66,delivered
2000001398,2026-09-01,155.66,delivered
2000001399,2026-09-01,155.66,delivered
2000001400,2026-09-01,155.66,delivered
2000001401,2026-09-01,155.66,delivered
2000001402,2026-09-01,155.66,delayed
2000001403,2026-09-01,155.66,delivered
2000001404,2026-09-01,155.66,delivered
2000001405,2026-09-01,155.66,delivered
2000001406,2026-09-01,155.66,delivered
2000001407,2026-09-01,155.66,delivered
2000001408,2026-09-01,155.66,delivered
2000001409,2026-09-01,155.66,delivered
2000001410,2026-09-01,155.66,delivered
2000001411,2026-09-01,155.66,delivered
2000001412,2026-09-01,155.66,delivered
2000001413,2026-09-01,155.66,delivered
2000001414,2026-09-01,155.66,delivered
2000001415,2026-09-01,155.66,delivered
2000001416,2026-09-01,155.66,delivered
2000001417,2026-09-01,155.66,delivered
2000001418,2026-09-01,155.66,delivered
2000001419,2026-09-01,167.53,delivered
2000001420,2026-09-01,167.53,delivered
2000001421,2026-09-01,167.53,not_delivered
2000001422,2026-09-01,167.53,delivered
2000001423,2026-09-02,148.32,delivered
2000001424,2026-09-02,148.32,delivered
2000001425,2026-09-02,148.32,delivered
2000001426,2026-09-02,148.32,delivered
2000001427,2026-09-02,148.32,delayed
2000001428,2026-09-02,148.32,delayed
2000001429,2026-09-02,148.32,not_delivered
2000001430,2026-09-02,148.32,delivered
2000001431,2026-09-02,148.32,delivered
2000001432,2026-09-02,148.32,delivered
2000001433,2026-09-02,148.32,delivered
2000001434,2026-09-02,148.32,delivered
2000001435,2026-09-02,148.32,delivered
2000001436,2026-09-02,148.32,not_delivered
2000001437,2026-09-02,148.32,delivered
2000001438,2026-09-02,148.32,delivered
2000001439,2026-09-02,148.32,delivered
2000001440,2026-09-02,148.32,delivered
2000001441,2026-09-02,170.64,delivered
2000001442,2026-09-02,170.64,delivered
2000001443,2026-09-02,170.64,delivered
2000001444,2026-09-03,152.01,delivered
2000001445,2026-09-03,152.01,delivered
2000001446,2026-09-03,152.01,delivered
2000001447,2026-09-03,152.01,delivered
2000001448,2026-09-03,152.01,delivered
2000001449,2026-09-03,152.01,delivered
2000001450,2026-09-03,152.01,delivered
2000001451,2026-09-03,152.01,delivered
2000001452,2026-09-03,152.01,delivered
2000001453,2026-09-03,152.01,delivered
2000001454,2026-09-03,152.01,delivered
2000001455,2026-09-03,152.01,delivered
2000001456,2026-09-03,152.01,delivered
2000001457,2026-09-03,152.01,delivered
2000001458,2026-09-03,152.01,delivered
2000001459,2026-09-03,152.01,delivered
2000001460,2026-09-03,152.01,delivered
2000001461,2026-09-03,164.09,delivered
2000001462,2026-09-03,164.09,delivered
2000001463,2026-09-03,164.09,delivered
2000001464,2026-09-03,164.09,delivered
2000001465,2026-09-04,153.95,delivered
2000001466,2026-09-04,153.95,delivered
2000001467,2026-09-04,153.95,delivered
2000001468,2026-09-04,153.95,delivered
2000001469,2026-09-04,153.95,delivered
2000001470,2026-09-04,153.95,delivered
2000001471,2026-09-04,153.95,delivered
2000001472,2026-09-04,153.95,delivered
2000001473,2026-09-04,153.95,delivered
2000001474,2026-09-04,153.95,delivered
2000001475,2026-09-04,153.95,delivered
2000001476,2026-09-04,153.95,delivered
2000001477,2026-09-04,153.95,delivered
2000001478,2026-09-04,153.95,not_delivered
2000001479,2026-09-04,153.95,delivered
2000001480,2026-09-04,153.95,delivered
2000001481,2026-09-04,153.95,delivered
2000001482,2026-09-04,153.95,delivered
2000001483,2026-09-04,153.95,delivered
2000001484,2026-09-04,153.95,delivered
2000001485,2026-09-04,160.17,delivered
2000001486,2026-09-04,160.17,delivered
2000001487,2026-09-05,129.11,delivered
2000001488,2026-09-05,129.11,delivered
2000001489,2026-09-05,129.11,delivered
2000001490,2026-09-05,129.11,delivered
2000001491,2026-09-05,129.11,delivered
2000001492,2026-09-05,129.11,delivered
2000001493,2026-09-05,129.11,delivered
2000001494,2026-09-05,129.11,delivered
2000001495,2026-09-05,129.11,delivered
2000001496,2026-09-05,129.11,delivered
2000001497,2026-09-05,129.11,delivered
2000001498,2026-09-05,129.11,delivered
2000001499,2026-09-05,129.11,delivered
2000001500,2026-09-05,129.11,delivered
2000001501,2026-09-05,129.11,delivered
2000001502,2026-09-05,129.11,delivered
2000001503,2026-09-05,129.11,delivered
2000001504,2026-09-05,129.11,delivered
2000001505,2026-09-05,156.97,delivered
2000001506,2026-09-05,156.97,delivered
2000001507,2026-09-06,152.53,delivered
2000001508,2026-09-06,152.53,delivered
2000001509,2026-09-06,152.53,delivered
2000001510,2026-09-06,152.53,delivered
2000001511,2026-09-06,152.53,delivered
2000001512,2026-09-06,152.53,not_delivered
2000001513,2026-09-06,152.53,delivered
2000001514,2026-09-06,152.53,delivered
2000001515,2026-09-06,152.53,delivered
2000001516,2026-09-06,152.53,delivered
2000001517,2026-09-06,152.53,delivered
2000001518,2026-09-06,154.79,delivered
2000001519,2026-09-06,154.79,delivered
2000001520,2026-09-07,153.39,delivered
2000001521,2026-09-07,153.39,delivered
2000001522,2026-09-07,153.39,delivered
2000001523,2026-09-07,153.39,delivered
2000001524,2026-09-07,153.39,delivered
2000001525,2026-09-07,153.39,delivered
2000001526,2026-09-07,153.39,delivered
2000001527,2026-09-07,153.39,delivered
2000001528,2026-09-07,153.39,delayed
2000001529,2026-09-07,153.39,not_delivered
2000001530,2026-09-07,153.39,delivered
2000001531,2026-09-07,153.39,delivered
2000001532,2026-09-07,153.39,delivered
2000001533,2026-09-07,153.39,delivered
2000001534,2026-09-07,153.39,delivered
2000001535,2026-09-07,153.39,delivered
2000001536,2026-09-07,153.39,delivered
2000001537,2026-09-07,153.39,delivered
2000001538,2026-09-07,158.73,delivered
2000001539,2026-09-07,158.73,delivered
2000001540,2026-09-07,158.73,delivered
2000001541,2026-09-08,133.46,delivered
2000001542,2026-09-08,133.46,delivered
2000001543,2026-09-08,133.46,delivered
2000001544,2026-09-08,133.46,delivered
2000001545,2026-09-08,133.46,delivered
2000001546,2026-09-08,133.46,delivered
2000001547,2026-09-08,133.46,delivered
2000001548,2026-09-08,133.46,delivered
2000001549,2026-09-08,133.46,delivered
2000001550,2026-09-08,133.46,delivered
2000001551,2026-09-08,133.46,delivered
2000001552,2026-09-08,133.46,delivered
2000001553,2026-09-08,133.46,delivered
2000001554,2026-09-08,133.46,delivered
2000001555,2026-09-08,133.46,not_delivered
2000001556,2026-09-08,133.46,delivered
2000001557,2026-09-08,133.46,delivered
2000001558,2026-09-08,133.46,delivered
2000001559,2026-09-08,133.46,delivered
2000001560,2026-09-08,133.46,delivered
2000001561,2026-09-08,133.46,delivered
2000001562,2026-09-08,158.33,delivered
2000001563,2026-09-08,158.33,delivered
2000001564,2026-09-08,158.33,delivered
2000001565,2026-09-09,135.6,delayed
2000001566,2026-09-09,135.6,delivered
2000001567,2026-09-09,135.6,delivered
2000001568,2026-09-09,135.6,delivered
2000001569,2026-09-09,135.6,delivered
2000001570,2026-09-09,135.6,delivered
2000001571,2026-09-09,135.6,delivered
2000001572,2026-09-09,135.6,delivered
2000001573,2026-09-09,135.6,delayed
2000001574,2026-09-09,135.6,delivered
2000001575,2026-09-09,135.6,delivered
2000001576,2026-09-09,135.6,delivered
2000001577,2026-09-09,135.6,delivered
2000001578,2026-09-09,135.6,delivered
2000001579,2026-09-09,135.6,delivered
2000001580,2026-09-09,135.6,delivered
2000001581,2026-09-09,135.6,delayed
2000001582,2026-09-09,135.6,delivered
2000001583,2026-09-09,135.6,delivered
2000001584,2026-09-09,135.6,delivered
2000001585,2026-09-09,135.6,delivered
2000001586,2026-09-09,159.32,delivered
2000001587,2026-09-09,159.32,delivered
2000001588,2026-09-10,145.04,delivered
2000001589,2026-09-10,145.04,delivered
2000001590,2026-09-10,145.04,delivered
2000001591,2026-09-10,145.04,delivered
2000001592,2026-09-10,145.04,delivered
2000001593,2026-09-10,145.04,delivered
2000001594,2026-09-10,145.04,delivered
2000001595,2026-09-10,145.04,delivered
2000001596,2026-09-10,145.04,delivered
2000001597,2026-09-10,145.04,delivered
2000001598,2026-09-10,145.04,delivered
2000001599,2026-09-10,145.04,delayed
2000001600,2026-09-10,145.04,delivered
2000001601,2026-09-10,145.04,delivered
2000001602,2026-09-10,145.04,delivered
2000001603,2026-09-10,145.04,delivered
2000001604,2026-09-10,162.89,delivered
2000001605,2026-09-10,162.89,delivered
2000001606,2026-09-10,162.89,delivered
2000001607,2026-09-11,146.16,delivered
2000001608,2026-09-11,146.16,delivered
2000001609,2026-09-11,146.16,delivered
2000001610,2026-09-11,146.16,delivered
2000001611,2026-09-11,146.16,delivered
2000001612,2026-09-11,146.16,delivered
2000001613,2026-09-11,146.16,delivered
2000001614,2026-09-11,146.16,delivered
2000001615,2026-09-11,146.16,delivered
2000001616,2026-09-11,146.16,delivered
2000001617,2026-09-11,146.16,delayed
2000001618,2026-09-11,146.16,delivered
2000001619,2026-09-11,146.16,delivered
2000001620,2026-09-11,146.16,delivered
2000001621,2026-09-11,146.16,delivered
2000001622,2026-09-11,146.16,delivered
2000001623,2026-09-11,146.16,delivered
2000001624,2026-09-11,143.21,delivered
2000001625,2026-09-11,143.21,delivered
2000001626,2026-09-11,143.21,delivered
2000001627,2026-09-12,143.12,delivered
2000001628,2026-09-12,143.12,delayed
2000001629,2026-09-12,143.12,delivered
2000001630,2026-09-12,143.12,delivered
2000001631,2026-09-12,143.12,delivered
2000001632,2026-09-12,143.12,delivered
2000001633,2026-09-12,143.12,delivered
2000001634,2026-09-12,143.12,delivered
2000001635,2026-09-12,143.12,delivered
2000001636,2026-09-12,143.12,delivered
2000001637,2026-09-12,148.42,delivered
2000001638,2026-09-12,148.42,delivered
2000001639,2026-09-12,148.42,delivered
2000001640,2026-09-13,137.42,delivered
2000001641,2026-09-13,137.42,delivered
2000001642,2026-09-13,137.42,delivered
2000001643,2026-09-13,137.42,delivered
2000001644,2026-09-13,137.42,delivered
2000001645,2026-09-13,137.42,delivered
2000001646,2026-09-13,137.42,delivered
2000001647,2026-09-13,137.42,delivered
2000001648,2026-09-13,137.42,delivered
2000001649,2026-09-13,137.42,delivered
2000001650,2026-09-13,137.42,delivered
2000001651,2026-09-13,137.42,delivered
2000001652,2026-09-13,137.42,delivered
2000001653,2026-09-13,137.42,delivered
2000001654,2026-09-13,137.42,delivered
2000001655,2026-09-13,137.42,delivered
2000001656,2026-09-13,137.42,delivered
2000001657,2026-09-13,167.24,delivered
2000001658,2026-09-13,167.24,delivered
2000001659,2026-09-14,138.19,delivered
2000001660,2026-09-14,138.19,delivered
2000001661,2026-09-14,138.19,delivered
2000001662,2026-09-14,138.19,delivered
2000001663,2026-09-14,138.19,delivered
2000001664,2026-09-14,138.19,delivered
2000001665,2026-09-14,138.19,delivered
2000001666,2026-09-14,138.19,delivered
2000001667,2026-09-14,138.19,delivered
2000001668,2026-09-14,138.19,delivered
2000001669,2026-09-14,138.19,delivered
2000001670,2026-09-14,138.19,delivered
2000001671,2026-09-14,138.19,delivered
2000001672,2026-09-14,138.19,delivered
2000001673,2026-09-14,138.19,delayed
2000001674,2026-09-14,138.19,delivered
2000001675,2026-09-14,138.19,delivered
2000001676,2026-09-14,138.19,delivered
2000001677,2026-09-14,138.19,delivered
2000001678,2026-09-14,138.19,delivered
2000001679,2026-09-14,138.19,delivered
2000001680,2026-09-14,138.19,delivered
2000001681,2026-09-14,138.19,delivered
2000001682,2026-09-14,138.19,delivered
2000001683,2026-09-14,138.19,delivered
2000001684,2026-09-14,138.19,delivered
2000001685,2026-09-14,138.19,delivered
2000001686,2026-09-14,138.19,delivered
2000001687,2026-09-14,138.19,delayed
2000001688,2026-09-14,138.19,delivered
2000001689,2026-09-14,138.19,delivered
2000001690,2026-09-14,138.19,delayed
2000001691,2026-09-14,138.19,delayed
2000001692,2026-09-14,138.19,delivered
2000001693,2026-09-14,161.39,delivered
2000001694,2026-09-14,161.39,delivered
2000001695,2026-09-14,161.39,delivered
2000001696,2026-09-14,161.39,delivered
2000001697,2026-09-14,161.39,delivered
2000001698,2026-09-14,161.39,delayed
2000001699,2026-09-15,130.88,delivered
2000001700,2026-09-15,130.88,delivered
2000001701,2026-09-15,130.88,delivered
2000001702,2026-09-15,130.88,delivered
2000001703,2026-09-15,130.88,delivered
2000001704,2026-09-15,130.88,delivered
2000001705,2026-09-15,130.88,delivered
2000001706,2026-09-15,130.88,delivered
2000001707,2026-09-15,130.88,delivered
2000001708,2026-09-15,130.88,delivered
2000001709,2026-09-15,130.88,delivered
2000001710,2026-09-15,130.88,delivered
2000001711,2026-09-15,130.88,delivered
2000001712,2026-09-15,130.88,not_delivered
2000001713,2026-09-15,130.88,delivered
2000001714,2026-09-15,130.88,delivered
2000001715,2026-09-15,130.88,delivered
2000001716,2026-09-15,130.88,delayed
2000001717,2026-09-15,130.88,delivered
2000001718,2026-09-15,130.88,delivered
2000001719,2026-09-15,130.88,delivered
2000001720,2026-09-15,130.88,delivered
2000001721,2026-09-15,130.88,delivered
2000001722,2026-09-15,130.88,delivered
2000001723,2026-09-15,130.88,delivered
2000001724,2026-09-15,130.88,delivered
2000001725,2026-09-15,130.88,delivered
2000001726,2026-09-15,130.88,delivered
2000001727,2026-09-15,130.88,delivered
2000001728,2026-09-15,130.88,delivered
2000001729,2026-09-15,130.88,delivered
2000001730,2026-09-15,130.88,delivered
2000001731,2026-09-15,130.88,delivered
2000001732,2026-09-15,130.88,delivered
2000001733,2026-09-15,130.88,delivered
2000001734,2026-09-15,130.88,delivered
2000001735,2026-09-15,130.88,delivered
2000001736,2026-09-15,130.88,delivered
2000001737,2026-09-15,130.88,delivered
2000001738,2026-09-15,130.88,delivered
2000001739,2026-09-15,130.88,delayed
2000001740,2026-09-15,130.88,delivered
2000001741,2026-09-15,130.88,not_delivered
2000001742,2026-09-15,130.88,delivered
2000001743,2026-09-15,130.88,delivered
2000001744,2026-09-15,130.88,delivered
2000001745,2026-09-15,130.88,delivered
2000001746,2026-09-15,130.88,delivered
2000001747,2026-09-15,130.88,not_delivered
2000001748,2026-09-15,130.88,delivered
2000001749,2026-09-15,130.88,delayed
2000001750,2026-09-15,130.88,delivered
2000001751,2026-09-15,130.88,delivered
2000001752,2026-09-15,130.88,delayed
2000001753,2026-09-15,130.88,delivered
2000001754,2026-09-15,130.88,delivered
2000001755,2026-09-15,130.88,delivered
2000001756,2026-09-15,130.88,delivered
2000001757,2026-09-15,130.88,delivered
2000001758,2026-09-15,130.88,delivered
2000001759,2026-09-15,130.88,delivered
2000001760,2026-09-15,130.88,delivered
2000001761,2026-09-15,130.88,delivered
2000001762,2026-09-15,130.88,delivered
2000001763,2026-09-15,130.88,not_delivered
2000001764,2026-09-15,130.88,not_delivered
2000001765,2026-09-15,130.88,delivered
2000001766,2026-09-15,168.96,delayed
2000001767,2026-09-15,168.96,delayed
2000001768,2026-09-15,168.96,delivered
2000001769,2026-09-15,168.96,delivered
2000001770,2026-09-15,168.96,delivered
2000001771,2026-09-15,168.96,delayed
2000001772,2026-09-15,168.96,delivered
2000001773,2026-09-15,168.96,delivered
2000001774,2026-09-15,168.96,not_delivered
2000001775,2026-09-15,168.96,delivered
2000001776,2026-09-16,136.38,delivered
2000001777,2026-09-16,136.38,delivered
2000001778,2026-09-16,136.38,delayed
2000001779,2026-09-16,136.38,delivered
2000001780,2026-09-16,136.38,delivered
2000001781,2026-09-16,136.38,delivered
2000001782,2026-09-16,136.38,delivered
2000001783,2026-09-16,136.38,delivered
2000001784,2026-09-16,136.38,delivered
2000001785,2026-09-16,136.38,delivered
2000001786,2026-09-16,136.38,delivered
2000001787,2026-09-16,136.38,delivered
2000001788,2026-09-16,136.38,delivered
2000001789,2026-09-16,136.38,delivered
2000001790,2026-09-16,136.38,delivered
2000001791,2026-09-16,136.38,delivered
2000001792,2026-09-16,136.38,delivered
2000001793,2026-09-16,136.38,delivered
2000001794,2026-09-16,136.38,delayed
2000001795,2026-09-16,136.38,delivered
2000001796,2026-09-16,136.38,delivered
2000001797,2026-09-16,136.38,delivered
2000001798,2026-09-16,136.38,delivered
2000001799,2026-09-16,136.38,delivered
2000001800,2026-09-16,136.38,delivered
2000001801,2026-09-16,136.38,delivered
2000001802,2026-09-16,136.38,delivered
2000001803,2026-09-16,136.38,delivered
2000001804,2026-09-16,136.38,delivered
2000001805,2026-09-16,136.38,delivered
2000001806,2026-09-16,136.38,delivered
2000001807,2026-09-16,136.38,delivered
2000001808,2026-09-16,136.38,delivered
2000001809,2026-09-16,155.77,not_delivered
2000001810,2026-09-16,155.77,delivered
2000001811,2026-09-16,155.77,delivered
2000001812,2026-09-16,155.77,delivered
2000001813,2026-09-16,155.77,delivered
2000001814,2026-09-17,146.84,delivered
2000001815,2026-09-17,146.84,delivered
2000001816,2026-09-17,146.84,delivered
2000001817,2026-09-17,146.84,delivered
2000001818,2026-09-17,146.84,delivered
2000001819,2026-09-17,146.84,delivered
2000001820,2026-09-17,146.84,delivered
2000001821,2026-09-17,146.84,not_delivered
2000001822,2026-09-17,146.84,delivered
2000001823,2026-09-17,146.84,delivered
2000001824,2026-09-17,146.84,delivered
2000001825,2026-09-17,146.84,delivered
2000001826,2026-09-17,145.22,delivered
2000001827,2026-09-17,145.22,delivered
2000001828,2026-09-17,145.22,delivered
2000001829,2026-09-18,154.82,delivered
2000001830,2026-09-18,154.82,delivered
2000001831,2026-09-18,154.82,delivered
2000001832,2026-09-18,154.82,delivered
2000001833,2026-09-18,154.82,delivered
2000001834,2026-09-18,154.82,delivered
2000001835,2026-09-18,154.82,delivered
2000001836,2026-09-18,154.82,delivered
2000001837,2026-09-18,154.82,delivered
2000001838,2026-09-18,154.82,delivered
2000001839,2026-09-18,154.82,delivered
2000001840,2026-09-18,154.82,delivered
2000001841,2026-09-18,154.82,delivered
2000001842,2026-09-18,154.82,delivered
2000001843,2026-09-18,154.82,delivered
2000001844,2026-09-18,167.09,delivered
2000001845,2026-09-18,167.09,delivered
2000001846,2026-09-18,167.09,delivered
2000001847,2026-09-19,137.99,delivered
2000001848,2026-09-19,137.99,delivered
2000001849,2026-09-19,137.99,delivered
2000001850,2026-09-19,137.99,delivered
2000001851,2026-09-19,137.99,delivered
2000001852,2026-09-19,137.99,delivered
2000001853,2026-09-19,137.99,delivered
2000001854,2026-09-19,137.99,delivered
2000001855,2026-09-19,137.99,delivered
2000001856,2026-09-19,137.99,delivered
2000001857,2026-09-19,137.99,delivered
2000001858,2026-09-19,137.99,delivered
2000001859,2026-09-19,137.99,delivered
2000001860,2026-09-19,137.99,delivered
2000001861,2026-09-19,154.59,delivered
2000001862,2026-09-19,154.59,delivered
2000001863,2026-09-19,154.59,delivered
2000001864,2026-09-20,150.14,delivered
2000001865,2026-09-20,150.14,delivered
2000001866,2026-09-20,150.14,delivered
2000001867,2026-09-20,150.14,delivered
2000001868,2026-09-20,150.14,delivered
2000001869,2026-09-20,150.14,delayed
2000001870,2026-09-20,150.14,delivered
2000001871,2026-09-20,150.14,delivered
2000001872,2026-09-20,150.14,delivered
2000001873,2026-09-20,150.14,delivered
2000001874,2026-09-20,150.14,delivered
2000001875,2026-09-20,164.27,delivered
2000001876,2026-09-20,164.27,delivered
2000001877,2026-09-21,131.99,delivered
2000001878,2026-09-21,131.99,delivered
2000001879,2026-09-21,131.99,delivered
2000001880,2026-09-21,131.99,delivered
2000001881,2026-09-21,131.99,delivered
2000001882,2026-09-21,131.99,delivered
2000001883,2026-09-21,131.99,delivered
2000001884,2026-09-21,131.99,delivered
2000001885,2026-09-21,131.99,delivered
2000001886,2026-09-21,131.99,delivered
2000001887,2026-09-21,131.99,delivered
2000001888,2026-09-21,131.99,delivered
2000001889,2026-09-21,131.99,delivered
2000001890,2026-09-21,131.99,delivered
2000001891,2026-09-21,144.46,delayed
2000001892,2026-09-21,144.46,delayed
2000001893,2026-09-21,144.46,delivered
2000001894,2026-09-22,128.22,delivered
2000001895,2026-09-22,128.22,delivered
2000001896,2026-09-22,128.22,delayed
2000001897,2026-09-22,128.22,delivered
2000001898,2026-09-22,128.22,delayed
2000001899,2026-09-22,128.22,delivered
2000001900,2026-09-22,128.22,delivered
2000001901,2026-09-22,128.22,delivered
2000001902,2026-09-22,128.22,delivered
2000001903,2026-09-22,128.22,delivered
2000001904,2026-09-22,128.22,delivered
2000001905,2026-09-22,128.22,delivered
2000001906,2026-09-22,128.22,delivered
2000001907,2026-09-22,142.03,delivered
2000001908,2026-09-22,142.03,delivered
2000001909,2026-09-22,142.03,delivered
2000001910,2026-09-23,149.9,delivered
2000001911,2026-09-23,149.9,delivered
2000001912,2026-09-23,149.9,delivered
2000001913,2026-09-23,149.9,delivered
2000001914,2026-09-23,149.9,delivered
2000001915,2026-09-23,149.9,delivered
2000001916,2026-09-23,149.9,delivered
2000001917,2026-09-23,149.9,delivered
2000001918,2026-09-23,149.9,delivered
2000001919,2026-09-23,149.9,not_delivered
2000001920,2026-09-23,149.9,delivered
2000001921,2026-09-23,149.9,delivered
2000001922,2026-09-23,149.9,delivered
2000001923,2026-09-23,149.9,delivered
2000001924,2026-09-23,149.9,delivered
2000001925,2026-09-23,149.9,delivered
2000001926,2026-09-23,149.9,delivered
2000001927,2026-09-23,141.75,delivered
2000001928,2026-09-23,141.75,delivered
2000001929,2026-09-23,141.75,delivered
2000001930,2026-09-23,141.75,delivered
2000001931,2026-09-24,155.18,delivered
2000001932,2026-09-24,155.18,delivered
2000001933,2026-09-24,155.18,delivered
2000001934,2026-09-24,155.18,delivered
2000001935,2026-09-24,155.18,delivered
2000001936,2026-09-24,155.18,delivered
2000001937,2026-09-24,155.18,delivered
2000001938,2026-09-24,155.18,delivered
2000001939,2026-09-24,155.18,delivered
2000001940,2026-09-24,155.18,delivered
2000001941,2026-09-24,155.18,delivered
2000001942,2026-09-24,155.18,delivered
2000001943,2026-09-24,155.18,delivered
2000001944,2026-09-24,155.18,delivered
2000001945,2026-09-24,155.18,delivered
2000001946,2026-09-24,155.7,delivered
2000001947,2026-09-24,155.7,delivered
2000001948,2026-09-24,155.7,delivered
2000001949,2026-09-25,129.67,delivered
2000001950,2026-09-25,129.67,delivered
2000001951,2026-09-25,129.67,delayed
2000001952,2026-09-25,129.67,delivered
2000001953,2026-09-25,129.67,delivered
2000001954,2026-09-25,129.67,delivered
2000001955,2026-09-25,129.67,delivered
2000001956,2026-09-25,129.67,delivered
2000001957,2026-09-25,129.67,delivered
2000001958,2026-09-25,129.67,delivered
2000001959,2026-09-25,129.67,delivered
2000001960,2026-09-25,129.67,delivered
2000001961,2026-09-25,129.67,delivered
2000001962,2026-09-25,129.67,delivered
2000001963,2026-09-25,129.67,delivered
2000001964,2026-09-25,129.67,delivered
2000001965,2026-09-25,129.67,delivered
2000001966,2026-09-25,129.67,delivered
2000001967,2026-09-25,129.67,delivered
2000001968,2026-09-25,129.67,delivered
2000001969,2026-09-25,171.43,delivered
2000001970,2026-09-25,171.43,delivered
2000001971,2026-09-26,147.73,delivered
2000001972,2026-09-26,147.73,delivered
2000001973,2026-09-26,147.73,delivered
2000001974,2026-09-26,147.73,delivered
2000001975,2026-09-26,147.73,delivered
2000001976,2026-09-26,147.73,delivered
2000001977,2026-09-26,147.73,delivered
2000001978,2026-09-26,147.73,delivered
2000001979,2026-09-26,147.73,delivered
2000001980,2026-09-26,147.73,delivered
2000001981,2026-09-26,147.73,delivered
2000001982,2026-09-26,147.11,delivered
2000001983,2026-09-26,147.11,delivered
2000001984,2026-09-26,147.11,delivered
2000001985,2026-09-27,139.61,delivered
2000001986,2026-09-27,139.61,delivered
2000001987,2026-09-27,139.61,delivered
2000001988,2026-09-27,139.61,delivered
2000001989,2026-09-27,139.61,delivered
2000001990,2026-09-27,139.61,delivered
2000001991,2026-09-27,139.61,delivered
2000001992,2026-09-27,139.61,delivered
2000001993,2026-09-27,139.61,delivered
2000001994,2026-09-27,139.61,delivered
2000001995,2026-09-27,139.61,delivered
2000001996,2026-09-27,139.61,delivered
2000001997,2026-09-27,139.61,delivered
2000001998,2026-09-27,139.61,delivered
2000001999,2026-09-27,139.61,delayed
2000002000,2026-09-27,145.16,delivered
2000002001,2026-09-27,145.16,delivered
2000002002,2026-09-28,130.54,delivered
2000002003,2026-09-28,130.54,delivered
2000002004,2026-09-28,130.54,delivered
2000002005,2026-09-28,130.54,delivered
2000002006,2026-09-28,130.54,delivered
2000002007,2026-09-28,130.54,delivered
2000002008,2026-09-28,130.54,delivered
2000002009,2026-09-28,130.54,delivered
2000002010,2026-09-28,130.54,delivered
2000002011,2026-09-28,130.54,delivered
2000002012,2026-09-28,130.54,delivered
2000002013,2026-09-28,130.54,delivered
2000002014,2026-09-28,130.54,delivered
2000002015,2026-09-28,130.54,delivered
2000002016,2026-09-28,130.54,delayed
2000002017,2026-09-28,130.54,delivered
2000002018,2026-09-28,130.54,delivered
2000002019,2026-09-28,157.92,delivered
2000002020,2026-09-28,157.92,delivered
2000002021,2026-09-28,157.92,delivered
2000002022,2026-09-29,149.11,delivered
2000002023,2026-09-29,149.11,delivered
2000002024,2026-09-29,149.11,delivered
2000002025,2026-09-29,149.11,delivered
2000002026,2026-09-29,149.11,delivered
2000002027,2026-09-29,149.11,delivered
2000002028,2026-09-29,149.11,delivered
2000002029,2026-09-29,149.11,delivered
2000002030,2026-09-29,149.11,delivered
2000002031,2026-09-29,149.11,delivered
2000002032,2026-09-29,149.11,delivered
2000002033,2026-09-29,149.11,delivered
2000002034,2026-09-29,149.11,delivered
2000002035,2026-09-29,149.11,delivered
2000002036,2026-09-29,149.11,delayed
2000002037,2026-09-29,149.11,delivered
2000002038,2026-09-29,149.11,delivered
2000002039,2026-09-29,149.11,delivered
2000002040,2026-09-29,149.11,delivered
2000002041,2026-09-29,151.37,delivered
2000002042,2026-09-29,151.37,delivered
2000002043,2026-09-29,151.37,delivered
2000002044,2026-09-29,151.37,delivered
2000002045,2026-09-30,130.87,delivered
2000002046,2026-09-30,130.87,delivered
2000002047,2026-09-30,130.87,delivered
2000002048,2026-09-30,130.87,delivered
2000002049,2026-09-30,130.87,delivered
2000002050,2026-09-30,130.87,delivered
2000002051,2026-09-30,130.87,delivered
2000002052,2026-09-30,130.87,delivered
2000002053,2026-09-30,130.87,delayed
2000002054,2026-09-30,130.87,delivered
2000002055,2026-09-30,130.87,delivered
2000002056,2026-09-30,130.87,delivered
2000002057,2026-09-30,130.87,delivered
2000002058,2026-09-30,130.87,delivered
2000002059,2026-09-30,130.87,delivered
2000002060,2026-09-30,130.87,delivered
2000002061,2026-09-30,165.59,delivered
2000002062,2026-09-30,165.59,delivered
2000002063,2026-09-30,165.59,delivered
2000002064,2026-09-30,165.59,delivered
2000002065,2026-10-01,146.05,delivered
2000002066,2026-10-01,146.05,delivered
2000002067,2026-10-01,146.05,delivered
2000002068,2026-10-01,146.05,delivered
2000002069,2026-10-01,146.05,delivered
2000002070,2026-10-01,146.05,delivered
2000002071,2026-10-01,146.05,delivered
2000002072,2026-10-01,146.05,delivered
2000002073,2026-10-01,146.05,delivered
2000002074,2026-10-01,146.05,delivered
2000002075,2026-10-01,146.05,delivered
2000002076,2026-10-01,146.05,delivered
2000002077,2026-10-01,146.05,delivered
2000002078,2026-10-01,146.05,delivered
2000002079,2026-10-01,146.05,delivered
2000002080,2026-10-01,146.05,delivered
2000002081,2026-10-01,146.05,delivered
2000002082,2026-10-01,146.05,delivered
2000002083,2026-10-01,146.03,delivered
2000002084,2026-10-01,146.03,delivered
2000002085,2026-10-02,152.5,delivered
2000002086,2026-10-02,152.5,delivered
2000002087,2026-10-02,152.5,delivered
2000002088,2026-10-02,152.5,delivered
2000002089,2026-10-02,152.5,delivered
2000002090,2026-10-02,152.5,delivered
2000002091,2026-10-02,152.5,delivered
2000002092,2026-10-02,152.5,not_delivered
2000002093,2026-10-02,152.5,delivered
2000002094,2026-10-02,152.5,delivered
2000002095,2026-10-02,152.5,delivered
2000002096,2026-10-02,152.5,delivered
2000002097,2026-10-02,152.5,delivered
2000002098,2026-10-02,141.36,delivered
2000002099,2026-10-02,141.36,delivered
2000002100,2026-10-02,141.36,delivered
2000002101,2026-10-03,138.31,delivered
2000002102,2026-10-03,138.31,delivered
2000002103,2026-10-03,138.31,delivered
2000002104,2026-10-03,138.31,delivered
2000002105,2026-10-03,138.31,delivered
2000002106,2026-10-03,138.31,delivered
2000002107,2026-10-03,138.31,delivered
2000002108,2026-10-03,138.31,delivered
2000002109,2026-10-03,138.31,delivered
2000002110,2026-10-03,138.31,delivered
2000002111,2026-10-03,138.31,delivered
2000002112,2026-10-03,138.31,delivered
2000002113,2026-10-03,138.31,delivered
2000002114,2026-10-03,138.31,delivered
2000002115,2026-10-03,138.31,delivered
2000002116,2026-10-03,142.04,delivered
2000002117,2026-10-03,142.04,delivered
2000002118,2026-10-04,146.6,delivered
2000002119,2026-10-04,146.6,delivered
2000002120,2026-10-04,146.6,delivered
2000002121,2026-10-04,146.6,delivered
2000002122,2026-10-04,146.6,delivered
2000002123,2026-10-04,146.6,delivered
2000002124,2026-10-04,146.6,delivered
2000002125,2026-10-04,146.6,delayed
2000002126,2026-10-04,146.6,delivered
2000002127,2026-10-04,146.6,delivered
2000002128,2026-10-04,146.6,delivered
2000002129,2026-10-04,146.6,delivered
2000002130,2026-10-04,143.95,delivered
2000002131,2026-10-04,143.95,delivered
2000002132,2026-10-04,143.95,delivered
2000002133,2026-10-05,146.75,delivered
2000002134,2026-10-05,146.75,delivered
2000002135,2026-10-05,146.75,delivered
2000002136,2026-10-05,146.75,delivered
2000002137,2026-10-05,146.75,delivered
2000002138,2026-10-05,146.75,delivered
2000002139,2026-10-05,146.75,delivered
2000002140,2026-10-05,146.75,delivered
2000002141,2026-10-05,146.75,delivered
2000002142,2026-10-05,146.75,delivered
2000002143,2026-10-05,146.75,delivered
2000002144,2026-10-05,146.75,delivered
2000002145,2026-10-05,146.75,delivered
2000002146,2026-10-05,146.75,delivered
2000002147,2026-10-05,146.75,delivered
2000002148,2026-10-05,146.75,delivered
2000002149,2026-10-05,146.75,delivered
2000002150,2026-10-05,146.75,delayed
2000002151,2026-10-05,149.8,delivered
2000002152,2026-10-05,149.8,delivered
2000002153,2026-10-06,128.02,shipped
2000002154,2026-10-06,128.02,shipped
2000002155,2026-10-06,128.02,ready_to_ship
2000002156,2026-10-06,128.02,ready_to_ship
2000002157,2026-10-06,128.02,shipped
2000002158,2026-10-06,128.02,shipped
2000002159,2026-10-06,128.02,ready_to_ship
2000002160,2026-10-06,128.02,shipped
2000002161,2026-10-06,128.02,ready_to_ship
2000002162,2026-10-06,128.02,shipped
2000002163,2026-10-06,128.02,shipped
2000002164,2026-10-06,128.02,shipped
2000002165,2026-10-06,128.02,shipped
2000002166,2026-10-06,128.02,shipped
2000002167,2026-10-06,128.02,ready_to_ship
2000002168,2026-10-06,128.02,shipped
2000002169,2026-10-06,128.02,shipped
2000002170,2026-10-06,156.01,shipped
2000002171,2026-10-06,156.01,ready_to_ship
2000002172,2026-10-06,156.01,shipped
2000002173,2026-10-06,156.01,shipped
2000002174,2026-10-07,129.0,shipped
2000002175,2026-10-07,129.0,shipped
2000002176,2026-10-07,129.0,shipped
2000002177,2026-10-07,129.0,shipped
2000002178,2026-10-07,129.0,shipped
2000002179,2026-10-07,129.0,shipped
2000002180,2026-10-07,129.0,shipped
2000002181,2026-10-07,129.0,shipped
2000002182,2026-10-07,129.0,shipped
2000002183,2026-10-07,129.0,shipped
2000002184,2026-10-07,129.0,shipped
2000002185,2026-10-07,129.0,shipped
2000002186,2026-10-07,129.0,shipped
2000002187,2026-10-07,129.0,shipped
2000002188,2026-10-07,129.0,shipped
2000002189,2026-10-07,129.0,ready_to_ship
2000002190,2026-10-07,129.0,shipped
2000002191,2026-10-07,129.0,ready_to_ship
2000002192,2026-10-07,129.0,shipped
2000002193,2026-10-07,129.0,shipped
2000002194,2026-10-07,129.0,shipped
2000002195,2026-10-07,129.0,shipped
2000002196,2026-10-07,158.29,shipped
2000002197,2026-10-07,158.29,shipped
2000002198,2026-10-07,158.29,shipped
2000002199,2026-10-08,137.02,shipped
2000002200,2026-10-08,137.02,ready_to_ship
2000002201,2026-10-08,137.02,shipped
2000002202,2026-10-08,137.02,shipped
2000002203,2026-10-08,137.02,shipped
2000002204,2026-10-08,137.02,shipped
2000002205,2026-10-08,137.02,ready_to_ship
2000002206,2026-10-08,137.02,shipped
2000002207,2026-10-08,137.02,shipped
2000002208,2026-10-08,137.02,shipped
2000002209,2026-10-08,137.02,ready_to_ship
2000002210,2026-10-08,137.02,ready_to_ship
2000002211,2026-10-08,137.02,shipped
2000002212,2026-10-08,137.02,shipped
2000002213,2026-10-08,143.15,shipped
2000002214,2026-10-08,143.15,shipped
2000002215,2026-10-08,143.15,ready_to_ship
2000002216,2026-10-08,143.15,shipped
