date,approved_orders,approved_revenue,pending_orders
2026-06-11,119,20289.53,0
2026-06-12,104,18144.28,0
2026-06-13,107,19638.14,0
2026-06-14,118,20265.18,0
2026-06-15,122,20812.71,0
2026-06-16,118,21252.64,0
2026-06-17,108,18789.49,0
2026-06-18,127,22974.15,0
2026-06-19,109,19814.6,0
2026-06-20,116,19735.08,0
2026-06-21,122,22443.46,0
2026-06-22,124,21465.59,0
2026-06-23,153,27039.98,0
2026-06-24,114,19600.51,0
2026-06-25,139,25308.36,0
2026-06-26,133,24551.09,0
2026-06-27,110,20840.85,0
2026-06-28,109,19733.45,0
2026-06-29,146,26626.08,0
2026-06-30,151,27413.6,0
2026-07-01,139,23757.39,0
2026-07-02,115,20215.59,0
2026-07-03,106,18513.52,0
2026-07-04,95,16678.15,0
2026-07-05,117,20743.71,0
2026-07-06,125,21773.77,0
2026-07-07,124,23402.9,0
2026-07-08,134,24412.47,0
2026-07-09,111,20488.66,0
2026-07-10,107,19002.03,0
2026-07-11,120,21936.0,0
2026-07-12,111,20389.84,0
2026-07-13,140,25972.8,0
2026-07-14,119,20306.4,0
2026-07-15,118,20691.87,0
2026-07-16,109,20585.54,0
2026-07-17,129,22741.87,0
2026-07-18,107,19036.65,0
2026-07-19,120,21501.24,0
2026-07-20,116,20292.18,0
2026-07-21,131,22958.38,0
2026-07-22,127,23870.47,0
2026-07-23,115,20054.44,0
2026-07-24,133,23965.34,0
2026-07-25,90,15384.81,0
2026-07-26,95,17342.15,0
2026-07-27,138,24625.16,0
2026-07-28,114,20250.09,0
2026-07-29,146,26365.01,0
2026-07-30,140,26210.18,0
2026-07-31,102,18810.27,0
2026-08-01,113,20423.55,0
2026-08-02,105,19196.02,0
2026-08-03,118,21086.05,0
2026-08-04,136,25714.38,0
2026-08-05,149,26114.9,0
2026-08-06,130,22564.49,0
2026-08-07,143,26799.68,0
2026-08-08,107,19557.35,0
2026-08-09,124,21459.04,0
2026-08-10,153,27660.5,0
2026-08-11,159,28716.52,0
2026-08-12,121,21354.46,0
2026-08-13,118,22252.67,0
2026-08-14,150,27995.0,0
2026-08-15,113,19340.91,0
2026-08-16,141,26640.4,0
2026-08-17,130,23363.58,0
2026-08-18,133,24633.2,0
2026-08-19,160,27610.85,0
2026-08-20,142,25701.44,0
2026-08-21,129,24180.88,0
2026-08-22,120,20908.32,0
2026-08-23,131,24182.42,0
2026-08-24,137,24144.1,0
2026-08-25,178,32573.57,0
2026-08-26,146,26331.32,0
2026-08-27,127,22160.73,0
2026-08-28,132,23993.14,0
2026-08-29,112,19533.29,0
2026-08-30,111,20271.05,0
2026-08-31,136,25582.74,0
2026-09-01,168,28798.08,0
2026-09-02,134,24572.86,0
2026-09-03,127,21926.07,0
2026-09-04,152,27575.97,0
2026-09-05,118,21911.7,0
2026-09-06,135,23464.11,0
2026-09-07,126,22506.25,0
2026-09-08,144,25825.03,0
2026-09-09,151,27703.56,0
2026-09-10,155,26655.1,0
2026-09-11,127,22451.83,0
2026-09-12,128,22396.56,0
2026-09-13,110,19686.95,0
2026-09-14,207,36343.18,0
2026-09-15,349,65774.39,0
2026-09-16,192,35947.58,0
2026-09-17,136,23257.6,0
2026-09-18,150,28008.08,0
2026-09-19,132,24885.61,0
2026-09-20,134,23225.71,0
2026-09-21,142,24747.04,0
2026-09-22,143,24477.7,0
2026-09-23,137,25989.75,0
2026-09-24,128,23767.22,0
2026-09-25,133,23735.2,0
2026-09-26,137,26017.46,0
2026-09-27,129,23783.49,0
2026-09-28,134,23575.18,0
2026-09-29,176,31958.71,0
2026-09-30,152,28113.85,0
2026-10-01,126,22892.13,0
2026-10-02,143,26748.78,0
2026-10-03,114,21570.58,0
2026-10-04,117,21282.38,8
2026-10-05,167,28790.42,13
2026-10-06,183,33285.94,14
2026-10-07,165,29976.12,15
2026-10-08,155,26983.2,20
